month,aus_population_natural_increase,aus_population_overseas_arrivals,aus_population_net overseas migration,aus_population_estimated resident population,aus_beef&veal_slaughterings,aus_beef&veal_average weight,aus_beef&veal_production,aus_beef&veal_exports,aus_apparent consumption,australia cattle numbers,aus_total dairy cattle and calves,aus_total beef cattle and calves,"aus_exports of beef, veal and live cattle to US","Value of Australian exports of beef and veal, and live cattle to US ",us import of beef kt (cw),aus_Meat Produced ;  CATTLE (excl. calves) ;  Total (State) Original (tonnes),aus_Meat Produced ;  CATTLE (excl. calves) ;  Total (State) Seasonally adjusted (tonnes),aus_Meat Produced ;  CALVES ;  Total (State) ;,aus_Meat Produced ;  CALVES ;  Total (State) ; Seasonally Adjusted,aus_labour,aus_feed,aus_pasture,aus_tse,aus_pse,aus_cse,aus_fed_rd,aus_state_rd,aus_uni_rd,aus_min_temp,aus_max_temp,aus_avg_rainfall,us cattle numbers(*1000),us beef Per Capita Consumption,us_total red meat,us_total red meat and poultry,us_population,us_income per capita,us_production_commercial_beef,us_production_commercial_veal,us_production_commercial_total red meat,us_production_fedral_inspected_beef,us_production_fedral_inspected_veal,us_production_fedral_inspected_total red meat,us_production_fedral_inspected_total poultry,us_production_fedral_inspected_total red meat and poultry,us_livestock_commercial_cattle,us_livestock_commercial_steers,us_livestock_commercial_heifers,us_livestock_commercial_beef,us_livestock_commercial_dairy,us_livestock_commercial_bulls and stags,us_livestock_commercial_calves,us_livestock_commercial_lambs and yearlings,us_livestock_commercial_mature sheep,us_livestock_fedral_inspected_cattle,us_livestock_fedral_inspected_steers,us_livestock_fedral_inspected_heifers,us_livestock_fedral_inspected_beef,us_livestock_fedral_inspected_dairy_cows,us_livestock_fedral_inspected_bulls and stags,us_livestock_fedral_inspected_calves,us_commercial_avg_live_cattle,us_commercial_avg_live_calves,us_fed_avg_live_cattle,us_fed_avg_live_calves,us_fed_avg_dressed_cattle,us_fed_avg_dressed_steers,us_fed_avg_dressed_heifers,us_fed_avg_dressed_cows,us_fed_avg_dressed_bulls and stags,us_fed_avg_dressed_calves,us_cold_storage_beef,us_cold_storage_veal,us_veganism,us_beef,us_veganism_trend_ratio,total_us_imports,us_imports_from_aus,import_ratio
1/1/2008,14,48.9,31.1,21016.1,722.7,20.5,177.7,120,57.2,27321,2537,24784,20.5,79.1,95.9,137320,162354,1278,1882,358,3656532.167,380919,0,4,-1,68.3,26.1,18.1,1.19,1.26,69.2,8,5.18,9.38,17.83,302750,33131,2232.7,11.3,4417.7,2199.4,11,4368.1,3839.97,8208.07,2899.4,1415.89,883.04,314.64,240,45.82,71.5,203.58,9.62,2847.4,1390.6,867.2,309,235.7,45,70.4,1291,269,1294,267,775,832,773,624,878,159,482.51,7.46,33,34,0.49,"216,399.27",63636.47,0.29
2/1/2008,14,48.9,31.1,21060.4,722.7,20.5,177.7,120,57.2,27321,2537,24784,20.5,79.1,95.9,167415,164260,1237,1807,358,3656532.167,380251.9167,0,4,-1,68.3,26.1,18.1,-0.17,-1.12,103.7,8,5.18,9.38,17.83,302970,33044.75,2038.6,11,3967.4,2009.6,10.8,3923.3,3482.89,7406.19,2642.7,1295.97,832.41,255.12,218,41.2,69.1,202.57,9.03,2597.9,1274.1,818.3,250.8,214.3,40.5,67.9,1285,272,1287,270,776,827,773,631,885,160,450.78,6.59,49,33,0.6,"190,150.20",27728.88,0.15
3/1/2008,14,48.9,31.1,21104.6,722.7,20.5,177.7,120,57.2,27321,2537,24784,20.5,79.1,95.9,176334,180473,1422,1779,358,3656532.167,379584.8333,0,4,-1,68.3,26.1,18.1,0.05,0.79,35.6,8,5.18,9.38,17.83,303190,32958.5,2100.5,11.3,4089.8,2071.4,11.1,4045.6,3523.75,7569.35,2728.3,1348.49,851.35,262.2,218.68,47.58,71,220.3,10.3,2683.6,1326.4,837.4,257.9,215.1,46.8,69.9,1276,273,1278,271,775,828,766,627,896,160,436.55,6.11,40,40,0.5,"231,715.87",47549.67,0.21
4/1/2008,12.6,39.4,21.7,21148.9,722.7,20.5,177.7,120,57.2,27321,2537,24784,20.5,79.1,95.9,197616,183962,2284,1990,358,3656532.167,378917.75,0,4,-1,68.3,26.1,18.1,-1.09,0.21,12.9,8,5.18,9.38,17.83,303380,32872.25,2255.4,11.9,4298.2,2224.5,11.7,4251.3,3773.93,8025.23,2961.1,1519.27,879.51,286.8,222.67,52.85,73.3,210.09,11.11,2913.6,1495,865.4,282.2,219.1,52,72.2,1259,278,1261,276,766,817,753,621,893,164,426.71,5.75,32,27,0.54,"209,012.86",55514.12,0.27
5/1/2008,12.6,39.4,21.7,21182.3,722.7,20.5,177.7,120,57.2,27321,2537,24784,20.5,79.1,95.9,200071,182566,2143,2002,358,3656532.167,378250.6667,0,4,-1,68.3,26.1,18.1,-0.81,1.48,7.9,8,5.18,9.38,17.83,303620,32786,2380.1,11.5,4222,2351.2,11.2,4178.6,3743.49,7922.09,3139.6,1677.63,891.06,319.74,197.51,53.66,71,194.72,12.08,3095,1653.8,878.4,315.2,194.7,52.9,70,1251,275,1253,274,762,814,744,609,902,162,416.35,6.33,25,26,0.49,"229,374.04",60735.05,0.26
6/1/2008,12.6,39.4,21.7,21215.8,722.7,20.5,177.7,120,57.2,27321,2537,24784,20.5,79.1,95.9,173260,178986,2068,2097,358,3656532.167,377583.5833,0,4,-1,68.3,26.1,18.1,1,0.97,23.2,8,5.18,9.38,17.83,303850,32699.75,2263.4,11.7,4050,2234.2,11.5,4006.2,3658.13,7664.33,2956.6,1577.15,832.64,309.09,183.69,54.02,75.3,181.01,11.39,2911.7,1553.1,820,304.4,180.9,53.2,74.2,1261,267,1263,265,770,826,751,603,905,157,420.37,6.28,50,26,0.66,"222,290.84",51688.31,0.23
7/1/2008,12.1,46.3,28,21249.2,715.4,20.7,177.1,123.8,52.8,27907,2612,25295,23.7,102.6,95.9,184630,173259,2583,2037,358,3656532.167,376916.5,0,4,-1,72.3,28.3,18,-0.01,0.78,21.7,8,5.18,9.38,17.83,304090,32613.5,2371.6,12.3,4250.1,2341.9,12.1,4204.3,3833.74,8038.04,3062.5,1603.47,873.65,315.98,211.64,57.76,87.9,195.73,11.37,3017.1,1579.6,860.7,311.3,208.5,56.9,86.7,1273,243,1275,241,779,840,764,600,897,141,428.12,5.94,22,28,0.44,"202,946.70",48617.19,0.24
8/1/2008,12.1,46.3,28,21288.1,715.4,20.7,177.1,123.8,52.8,27907,2612,25295,23.7,102.6,95.9,170122,175075,3843,2610,358,3656532.167,376249.4167,0,4,-1,72.3,28.3,18,-1.08,-0.8,10.9,8,5.18,9.38,17.83,304360,32527.25,2266.8,11.2,4095.2,2238.8,11,4050.2,3644.53,7694.73,2908.3,1471.15,848.69,298.9,229.68,59.88,79.2,188.9,11.3,2865.5,1449.4,836.2,294.5,226.3,59,78.1,1284,245,1286,243,784,850,774,600,892,143,430.82,4.72,40,25,0.62,"195,240.16",47860.74,0.25
9/1/2008,12.1,46.3,28,21327.1,715.4,20.7,177.1,123.8,52.8,27907,2612,25295,23.7,102.6,95.9,178805,174782,2734,2047,358,3656532.167,375582.3333,0,4,-1,72.3,28.3,18,1.29,1.47,18,8,5.18,9.38,17.83,304610,32441,2269.9,12.8,4272.9,2239,12.5,4225.2,3724.66,7949.86,2889.4,1445.56,848.91,308.09,227.15,59.69,87.4,211.37,12.33,2841.7,1421.8,834.9,303,223.4,58.7,86.1,1297,251,1300,248,790,859,786,598,890,146,441.15,5.98,31,28,0.53,"186,068.07",46150.95,0.25
10/1/2008,13.3,44.1,24.3,21366,715.4,20.7,177.1,123.8,52.8,27907,2612,25295,23.7,102.6,95.9,209563,189639,2364,2051,358,3656532.167,374915.25,0,4,-1,72.3,28.3,18,1.33,1.76,14,8,5.18,9.38,17.83,304860,32354.75,2340.9,13.5,4529.3,2305.4,13.2,4476.9,3913.67,8390.57,2989.1,1423.63,915.15,353.49,240.69,56.15,95.6,214.43,10.87,2933.4,1397,898.1,346.9,236.2,55.1,93.9,1303,244,1306,241,789,860,795,597,866,142,454.52,7.9,25,32,0.44,"182,821.60",60010.99,0.33
11/1/2008,13.3,44.1,24.3,21402.5,715.4,20.7,177.1,123.8,52.8,27907,2612,25295,23.7,102.6,95.9,181352,175029,1654,2025,358,3656532.167,374248.1667,0,4,-1,72.3,28.3,18,0.42,-0.69,55.9,8,5.18,9.38,17.83,305090,32268.5,1959.3,11.3,3869.5,1933.1,11,3830,3218.69,7048.69,2516.3,1155.57,790.88,311,211.67,47.17,81.3,183.19,9.31,2475,1136.6,777.9,305.9,208.2,46.4,79.9,1302,239,1305,236,784,856,794,598,872,139,470.98,7.42,35,33,0.51,"205,888.46",63372.97,0.31
12/1/2008,13.3,44.1,24.3,21439.1,715.4,20.7,177.1,123.8,52.8,27907,2612,25295,23.7,102.6,95.9,137118,159635,1113,1857,358,3656532.167,373581.0833,0,4,-1,72.3,28.3,18,0.36,-0.37,69.6,8,5.18,9.38,17.83,305300,32182.25,2082,13.3,4162.9,2051.3,13,4115.6,3474.13,7589.73,2671.5,1294.91,811.13,293.43,233.13,38.91,94.1,218.84,12.06,2623,1271.5,796.4,288.1,228.9,38.2,92.8,1303,245,1306,243,785,852,789,606,869,142,481.56,7.92,23,41,0.36,"266,238.43",90143.91,0.34
1/1/2009,13.6,47.7,29.6,21475.6,715.4,20.7,177.1,123.8,52.8,27907,2612,25295,23.7,102.6,99.3,146144,178584,1814,2900,352,3181091.583,372914,0,3,-1,72.3,28.3,18,0.58,0.14,110.3,7.89,5.07,9.31,17.38,305520,32096,2117.9,12,4170.1,2086.4,11.7,4123.8,3388.45,7512.25,2717.7,1304.61,795.62,290.5,286.22,40.74,84.7,180.1,9,2668.1,1280.7,781.1,285.2,281,40,83.6,1306,245,1309,243,785,853,790,614,874,142,492.64,9.19,19,39,0.33,257343,86419,0.34
2/1/2009,13.6,47.7,29.6,21517.6,715.4,20.7,177.1,123.8,52.8,27907,2612,25295,23.7,102.6,99.3,174260,179498,1417,1999,352,3181091.583,372089.3333,0,3,-1,72.3,28.3,18,0.44,0.14,79.6,7.89,5.07,9.31,17.38,305710,32062.17,1986,11,3827,1954.5,10.8,3780.9,3193.63,6974.53,2528.5,1213.86,778.4,248.48,248.18,39.58,74.1,170.69,8.81,2478.8,1190,763.1,243.6,243.3,38.8,73,1310,257,1314,255,791,853,796,625,874,150,462.65,7.18,19,35,0.35,198471,40760,0.21
3/1/2009,13.6,47.7,29.6,21559.7,715.4,20.7,177.1,123.8,52.8,27907,2612,25295,23.7,102.6,99.3,191350,178270,1994,2156,352,3181091.583,371264.6667,0,3,-1,72.3,28.3,18,-0.11,0.95,28.1,7.89,5.07,9.31,17.38,305920,32028.33,2144,12.2,4141.9,2112.6,12,4095.1,3520.53,7615.63,2729.5,1336.24,847.52,257.7,242.53,45.51,79.8,211.05,10.35,2680.8,1312.4,832.4,253.1,238.2,44.7,78.8,1305,263,1307,261,791,848,790,628,881,154,434.51,7.59,18,32,0.36,247555,70111,0.28
4/1/2009,13.1,35.1,18,21601.7,715.4,20.7,177.1,123.8,52.8,27907,2612,25295,23.7,102.6,99.3,170847,174574,2550,2349,352,3181091.583,370440,0,3,-1,72.3,28.3,18,0.37,0.56,24.7,7.89,5.07,9.31,17.38,306110,31994.5,2133.4,11.2,4085,2102.1,11,4038.6,3525.67,7564.27,2772.6,1410.83,833.49,260.73,218.91,48.65,68,218.25,10.65,2724.4,1386.3,819,256.2,215.1,47.8,67.1,1276,281,1278,279,774,829,767,613,884,165,425.88,5.98,18,29,0.38,269596,103979,0.39
5/1/2009,13.1,35.1,18,21631.7,715.4,20.7,177.1,123.8,52.8,27907,2612,25295,23.7,102.6,99.3,181841,171982,2140,2092,352,3181091.583,369615.3333,0,3,-1,72.3,28.3,18,-0.33,0.08,17.1,7.89,5.07,9.31,17.38,306320,31960.67,2179.4,10.3,3919.5,2151.3,10,3878.1,3390.94,7269.04,2849.3,1491.62,830,262.82,214.99,49.86,65.4,173.31,11.39,2805.7,1468.9,817.3,258.8,211.7,49.1,64.2,1264,268,1266,266,769,823,754,612,889,158,410.71,7.81,18,27,0.4,237709,81065,0.34
6/1/2009,13.1,35.1,18,21661.7,715.4,20.7,177.1,123.8,52.8,27907,2612,25295,23.7,102.6,99.3,172585,169807,2283,2244,352,3181091.583,368790.6667,0,3,-1,72.3,28.3,18,0.62,0.83,21.4,7.89,5.07,9.31,17.38,306540,31926.83,2289,11.5,4162.1,2260.1,11.2,4118.4,3598.83,7717.23,2981.5,1548.83,862.75,259.12,259.93,50.87,77.3,189.54,13.26,2936.4,1525.3,849.7,255.2,256,50.1,76,1269,251,1272,249,772,832,756,607,891,149,417.88,7.97,18,28,0.39,243243,73809,0.3
7/1/2009,12.8,40.9,20.8,21691.7,697.3,21,175.8,114.8,60.4,26550,2542,24008,17.5,67.8,99.3,184902,173811,4844,3921,352,3181091.583,367966,0,3,-1,69.3,25.1,18.3,0.68,0.88,13.9,7.89,5.07,9.31,17.38,306770,31893,2271.2,10.9,4124.5,2243.3,10.6,4081,3638.19,7719.19,2921.6,1521.96,826.2,289.41,231.24,52.79,80.1,192.27,15.03,2878.1,1499.3,813.9,285.1,227.8,52,78.9,1282,230,1284,228,782,845,769,604,882,135,434.8,8.79,19,27,0.41,242474,70554,0.29
8/1/2009,12.8,40.9,20.8,21723.8,697.3,21,175.8,114.8,60.4,26550,2542,24008,17.5,67.8,99.3,178252,183934,6104,4228,352,3181091.583,367141.3333,0,3,-1,69.3,25.1,18.3,1.75,3.2,10.6,7.89,5.07,9.31,17.38,307010,31859.17,2184.2,10.6,4077,2155.4,10.3,4031.8,3529.25,7561.05,2781.9,1408.27,813.16,266.62,242.74,51.11,76.8,189.12,14.28,2737.9,1386.1,800.3,262.4,238.9,50.3,75.6,1293,234,1296,231,790,856,784,604,890,137,444.81,10.13,19,31,0.38,202661,62413,0.31
9/1/2009,12.8,40.9,20.8,21756,697.3,21,175.8,114.8,60.4,26550,2542,24008,17.5,67.8,99.3,177072,168835,5811,4225,352,3181091.583,366316.6667,0,3,-1,69.3,25.1,18.3,0.95,1.48,14.4,7.89,5.07,9.31,17.38,307270,31825.33,2234.1,11.7,4262.7,2202.4,11.4,4214.2,3585.41,7799.61,2814.7,1412.49,831.15,275.86,240.66,54.54,81.3,208.74,16.46,2766.1,1388,816.8,271.1,236.5,53.6,79.9,1310,245,1313,242,799,867,797,606,880,144,420.1,10.91,18,31,0.37,177320,51725,0.29
10/1/2009,13.5,35.9,13.9,21788.1,697.3,21,175.8,114.8,60.4,26550,2542,24008,17.5,67.8,99.3,177916,165789,4508,4269,352,3181091.583,365492,0,3,-1,69.3,25.1,18.3,-0.17,0.71,12.9,7.89,5.07,9.31,17.38,307520,31791.5,2275.7,12.2,4391.2,2239.2,11.9,4338.2,3634.87,7973.07,2886.1,1387.86,886.85,326.25,231.28,53.87,83.5,193.39,25.31,2829,1360.4,869.3,319.8,226.7,52.8,82.2,1312,249,1315,246,794,863,800,603,866,146,428.91,9.03,19,35,0.35,195728,65975,0.34
11/1/2009,13.5,35.9,13.9,21813.9,697.3,21,175.8,114.8,60.4,26550,2542,24008,17.5,67.8,99.3,167836,160092,3604,4317,352,3181091.583,364667.3333,0,3,-1,69.3,25.1,18.3,1.61,2.12,29.5,7.89,5.07,9.31,17.38,307760,31757.67,2016.1,11.7,3963.9,1988.1,11.5,3921.4,3309.76,7231.16,2600.7,1212.19,799.24,330.03,212.63,46.6,81.1,197.74,21.56,2556.3,1191.6,785.6,324.4,209,45.8,80,1298,246,1301,243,780,850,792,599,859,145,427.72,9.04,24,37,0.39,169269,43227,0.26
12/1/2009,13.5,35.9,13.9,21839.8,697.3,21,175.8,114.8,60.4,26550,2542,24008,17.5,67.8,99.3,143378,166214,2932,4658,352,3181091.583,363842.6667,0,3,-1,69.3,25.1,18.3,0.67,0.77,62.4,7.89,5.07,9.31,17.38,307950,31723.83,2134.4,13.1,4148.7,2102.5,12.8,4099.9,3471.3,7571.2,2754.2,1347.41,809.34,315.89,235.52,46.04,92.3,220.31,15.19,2703.7,1322.8,794.5,310.1,231.2,45.2,91.1,1296,240,1299,238,780,846,784,604,865,142,430.91,8.05,20,42,0.32,184788,41764,0.23
1/1/2010,14.4,39.7,20,21865.6,697.3,21,175.8,114.8,60.4,26550,2542,24008,17.5,67.8,86.8,133552,167959,2688,4387,359,3578424,363018,0,3,0,69.3,25.1,18.3,0.57,0.51,94.1,7.84,4.94,8.99,17.23,308170,31690,2081.8,11.6,3916,2051.1,11.3,3872.4,3302.13,7174.53,2705.4,1281.77,828.82,314.26,236.35,44.2,82.8,174.44,12.06,2656.7,1258.7,813.9,308.6,232.1,43.4,81.6,1290,238,1293,235,775,838,780,610,859,140,430.28,8.96,22,41,0.35,184881,43340,0.23
2/1/2010,14.4,39.7,20,21898.4,697.3,21,175.8,114.8,60.4,26550,2542,24008,17.5,67.8,86.8,157384,162388,3516,4752,359,3578424,362400.8333,0,3,0,69.3,25.1,18.3,1.03,0.37,91.5,7.84,4.94,8.99,17.23,308380,31649.83,1955.2,10.7,3735.8,1927.2,10.5,3694.5,3208.5,6903,2546.8,1212.09,818.81,251.23,226.81,37.85,74,166.08,12.82,2502.9,1191.2,804.7,246.9,222.9,37.2,72.9,1285,247,1287,244,773,830,771,621,867,145,426.26,8.07,22,38,0.37,166209,26687,0.16
3/1/2010,14.4,39.7,20,21931.3,697.3,21,175.8,114.8,60.4,26550,2542,24008,17.5,67.8,86.8,190157,170961,4817,4649,359,3578424,361783.6667,0,3,0,69.3,25.1,18.3,0.28,-0.05,56.1,7.84,4.94,8.99,17.23,308570,31609.67,2211.2,12.2,4281.1,2180.7,11.9,4234.8,3705.33,7940.13,2911.5,1420.47,878.25,296.99,260.79,55,79.9,247.48,15.72,2863.6,1397.2,863.8,292.1,256.5,54.1,78.8,1273,259,1275,257,764,820,760,616,875,153,404.51,8.58,22,31,0.42,221661,46759,0.21
4/1/2010,13.4,29.5,10.7,21964.1,697.3,21,175.8,114.8,60.4,26550,2542,24008,17.5,67.8,86.8,169413,177039,4331,4308,359,3578424,361166.5,0,3,0,69.3,25.1,18.3,1.68,0.93,41.5,7.84,4.94,8.99,17.23,308760,31569.5,2139.2,11.1,4012.4,2110.8,10.8,3969.7,3543.87,7513.57,2846,1418.73,827.51,302.21,238.52,59.02,68.5,174.21,15.99,2801.6,1396.4,814.6,297.5,234.8,58.1,67.4,1253,275,1255,273,756,809,749,612,884,162,384.6,7.78,21,30,0.41,208880,44321,0.21
5/1/2010,13.4,29.5,10.7,21986.7,697.3,21,175.8,114.8,60.4,26550,2542,24008,17.5,67.8,86.8,186496,178026,4664,4407,359,3578424,360549.3333,0,3,0,69.3,25.1,18.3,0.2,0.23,30.3,7.84,4.94,8.99,17.23,308940,31529.33,2087.2,10.1,3731.2,2060.7,9.8,3691,3508.23,7199.23,2784.1,1419.61,789.99,306.03,212.24,56.23,60.3,168.14,14.76,2742.9,1398.7,778.3,301.5,209.1,55.4,59.1,1250,286,1251,283,754,808,740,610,886,168,369.49,6.63,21,28,0.43,232285,50773,0.22
6/1/2010,13.4,29.5,10.7,22009.2,697.3,21,175.8,114.8,60.4,26550,2542,24008,17.5,67.8,86.8,190157,181982,4444,4046,359,3578424,359932.1667,0,3,0,69.3,25.1,18.3,0.25,0.25,11.2,7.84,4.94,8.99,17.23,309120,31489.17,2320,10.7,4176.6,2290.8,10.4,4133.3,3682.76,7816.06,3049.5,1587.33,873.3,316,217.44,55.43,68.5,196.59,15.51,3004.1,1563.8,860.3,311.3,214.2,54.6,67.3,1261,269,1263,267,765,821,749,609,896,157,362.78,8.51,21,27,0.44,249619,63755,0.26
7/1/2010,12.6,36.5,13.9,22031.8,674.9,21.9,177.8,120.2,57.7,28506,2570,25936,13.4,59.1,86.8,185470,179609,4304,3793,359,3578424,359315,0,3,0,64.9,22.9,19.1,1.32,0.24,34.4,7.84,4.94,8.99,17.23,309320,31449,2229.6,10.9,3955.6,2204.3,10.7,3916.7,3579.06,7495.76,2899.2,1495.01,835.09,289.21,228.79,51.09,75.1,185.87,11.63,2860,1474.8,823.8,285.3,225.7,50.4,74.1,1273,251,1275,249,773,834,760,604,886,146,374.22,5.92,20,28,0.42,233196,72417,0.31
8/1/2010,12.6,36.5,13.9,22056,674.9,21.9,177.8,120.2,57.7,28506,2570,25936,13.4,59.1,86.8,178038,178237,4977,3548,359,3578424,358697.8333,0,3,0,64.9,22.9,19.1,0.1,-0.51,26.6,7.84,4.94,8.99,17.23,309540,31408.83,2286.6,11.2,4126,2258.5,10.9,4082.2,3738.85,7821.05,2954.9,1482.42,893.98,288.39,234.3,55.81,76,190.96,13.74,2912,1460.9,881,284.2,230.9,55,74.8,1277,254,1279,252,778,842,767,604,883,148,388.8,6.53,19,29,0.4,208791,72260,0.35
9/1/2010,12.6,36.5,13.9,22080.2,674.9,21.9,177.8,120.2,57.7,28506,2570,25936,13.4,59.1,86.8,166309,158938,4603,3377,359,3578424,358080.6667,0,3,0,64.9,22.9,19.1,0.9,-1.2,48.8,7.84,4.94,8.99,17.23,309760,31368.67,2252.2,11.3,4160,2222.1,11,4113,3762.04,7875.04,2897.4,1415.16,868.06,306.53,247.38,60.27,71.2,191.05,13.65,2850.8,1392.3,854.1,301.6,243.4,59.3,70,1289,274,1292,271,782,852,778,598,873,159,387.44,7.79,22,33,0.4,156477,40373,0.26
10/1/2010,12.2,35.9,12.8,22104.4,674.9,21.9,177.8,120.2,57.7,28506,2570,25936,13.4,59.1,86.8,183813,176752,3542,3593,359,3578424,357463.5,0,3,0,64.9,22.9,19.1,-0.14,-1.27,52.6,7.84,4.94,8.99,17.23,309990,31328.5,2234.9,11.4,4262.1,2201.3,11,4213.5,3759.63,7973.13,2862.1,1368.29,869.98,332.34,235.86,55.63,71.5,186.12,15.98,2809.2,1343.1,853.9,326.2,231.5,54.6,70,1298,275,1301,271,786,859,788,599,862,160,396.82,5.48,21,36,0.37,164284,46577,0.28
11/1/2010,12.2,35.9,12.8,22127.1,674.9,21.9,177.8,120.2,57.7,28506,2570,25936,13.4,59.1,86.8,191652,176076,3390,3953,359,3578424,356846.3333,0,3,0,64.9,22.9,19.1,-0.32,-1.23,55.7,7.84,4.94,8.99,17.23,310170,31288.33,2235.5,11.3,4329.3,2206.5,11,4286.1,3695.56,7981.66,2876.3,1359.19,862.36,356.59,245.11,53.05,73,202.15,16.65,2830.4,1337.4,848.6,350.9,241.2,52.2,71.7,1299,269,1302,266,782,855,790,599,862,157,414.65,6.12,24,37,0.39,130689,29185,0.22
12/1/2010,12.2,35.9,12.8,22149.8,674.9,21.9,177.8,120.2,57.7,28506,2570,25936,13.4,59.1,86.8,148518,172635,2363,3732,359,3578424,356229.1667,0,3,0,64.9,22.9,19.1,-0.12,-1.35,104,7.84,4.94,8.99,17.23,310350,31248.17,2270.9,11.7,4352.9,2240.2,11.4,4306.7,3691.45,7998.15,2915.9,1405.03,864.19,329.24,269.25,48.2,77.7,204.44,11.56,2867.7,1381.8,849.9,323.8,264.8,47.4,76.6,1305,261,1307,258,784,854,788,605,863,153,435.17,5.7,23,43,0.35,140951,30043,0.21
1/1/2011,14.1,40.1,20.3,22172.5,674.9,21.9,177.8,120.2,57.7,28506,2570,25936,13.4,59.1,77.8,121975,154142,2615,4001,319,3352706.25,355612,0,3,0,64.9,22.9,19.1,1.07,0.54,102.2,7.74,4.74,8.6,16.88,310540,31208,2122.9,10.8,4041.1,2093.1,10.5,3998.5,3640.71,7639.21,2734,1304.23,822.48,295.15,268.39,43.75,71.9,151.21,10.19,2687.2,1281.8,808.4,290.1,263.8,43,70.8,1301,262,1304,259,782,849,785,613,861,153,444.96,3.87,27,52,0.34,147865,23284,0.16
2/1/2011,14.1,40.1,20.3,22204.6,674.9,21.9,177.8,120.2,57.7,28506,2570,25936,13.4,59.1,77.8,187347,192912,3390,4373,319,3352706.25,356110.55,0,3,0,64.9,22.9,19.1,0.53,-1.36,134,7.74,4.74,8.6,16.88,310690,31223.08,2020.4,10.5,3810,1994.1,10.2,3771,3334.56,7105.56,2621.3,1242.33,831.27,251.86,252.87,42.98,68.8,146.37,8.63,2580.1,1222.8,818.2,247.9,248.9,42.3,67.9,1286,264,1289,262,776,835,778,616,869,155,461.73,3.61,29,45,0.39,138557,13954,0.1
3/1/2011,14.1,40.1,20.3,22236.7,674.9,21.9,177.8,120.2,57.7,28506,2570,25936,13.4,59.1,77.8,186671,168022,3533,3189,319,3352706.25,356609.1,0,3,0,64.9,22.9,19.1,0.02,-2.19,133.3,7.74,4.74,8.6,16.88,310830,31238.17,2266.2,12.1,4346.7,2236.7,11.8,4302.2,3868.2,8170.4,2959.1,1432.11,918,281.59,272.34,55.06,73,182.39,11.41,2913,1409.7,903.7,277.2,268.1,54.2,71.8,1276,284,1278,281,771,827,770,613,877,168,459.83,3.91,26,43,0.38,175005,38652,0.22
4/1/2011,13,31.3,13.1,22268.8,674.9,21.9,177.8,120.2,57.7,28506,2570,25936,13.4,59.1,77.8,156658,169716,3496,3708,319,3352706.25,357107.65,0,3,0,64.9,22.9,19.1,-0.96,-0.67,36.2,7.74,4.74,8.6,16.88,311010,31253.25,2052.5,10.2,3867.8,2026.1,10,3828.4,3479.16,7307.56,2719.1,1327.11,812.78,285.24,241.48,52.5,58.9,195.57,12.13,2677.7,1306.9,800.4,280.9,237.8,51.7,57.9,1257,296,1259,293,759,817,755,606,882,175,445.53,3.78,28,38,0.42,187900,47212,0.25
5/1/2011,13,31.3,13.1,22292.5,674.9,21.9,177.8,120.2,57.7,28506,2570,25936,13.4,59.1,77.8,196473,183529,3739,3432,319,3352706.25,357606.2,0,3,0,64.9,22.9,19.1,-1.75,-1.33,15.4,7.74,4.74,8.6,16.88,311180,31268.33,2131.9,10.3,3914.8,2105.4,10,3875,3800.66,7675.66,2818.7,1452.43,794.01,299.98,223.36,48.91,61.2,163.79,16.41,2777.5,1431.1,782.4,295.6,220.1,48.2,60,1253,288,1255,285,761,819,749,602,881,170,443.15,3.84,26,34,0.43,197649,35668,0.18
6/1/2011,13,31.3,13.1,22316.3,674.9,21.9,177.8,120.2,57.7,28506,2570,25936,13.4,59.1,77.8,186308,178189,4179,3650,319,3352706.25,358104.75,0,3,0,64.9,22.9,19.1,-1.16,-0.27,19.3,7.74,4.74,8.6,16.88,311350,31283.42,2375,11.2,4218.8,2347.1,11,4177,3863.48,8040.48,3101.7,1618.39,890.02,323.11,222.2,47.97,72.5,166.44,17.26,3058.4,1595.8,877.6,318.6,219.1,47.3,71.5,1262,266,1263,264,770,832,758,594,878,156,447.64,3.86,24,33,0.42,207047,40207,0.19
7/1/2011,12.2,39.2,18.5,22340,656.3,22.4,176.3,121.8,54.8,28418,2733,25685,17.1,74.5,77.8,160878,159720,3813,3587,319,3352706.25,358603.3,0,3,0,74.9,20.8,23.6,0.41,0.6,19.9,7.74,4.74,8.6,16.88,311560,31298.5,2134.1,10.1,3792.3,2110.6,9.9,3755.9,3533.85,7289.75,2764.5,1423.64,771,316.24,209.85,43.77,73.4,152.5,12.1,2728.3,1405,760.9,312.1,207.1,43.2,72.4,1272,245,1274,242,776,846,769,588,877,142,432.76,3.45,25,34,0.42,194107,46432,0.24
8/1/2011,12.2,39.2,18.5,22370.9,656.3,22.4,176.3,121.8,54.8,28418,2733,25685,17.1,74.5,77.8,184740,174979,5075,3464,319,3352706.25,359101.85,0,3,0,74.9,20.8,23.6,0.14,1.75,15.3,7.74,4.74,8.6,16.88,311760,31313.58,2386.9,11.4,4303.4,2358.1,11.1,4257.8,3892.14,8149.94,3097.1,1583.5,852.92,360.32,248.13,52.24,80.1,186.08,12.62,3053.1,1560.9,840.8,355.2,244.6,51.5,78.9,1270,248,1272,245,775,847,773,579,868,145,415.2,3.62,28,36,0.44,189001,53610,0.28
9/1/2011,12.2,39.2,18.5,22401.9,656.3,22.4,176.3,121.8,54.8,28418,2733,25685,17.1,74.5,77.8,179883,174400,4234,3545,319,3352706.25,359600.4,0,3,0,74.9,20.8,23.6,-0.57,0.92,12.2,7.74,4.74,8.6,16.88,312000,31328.67,2215.2,10.7,4192.1,2185.7,10.4,4146.4,3710.83,7857.23,2876,1385.47,816.65,369.25,251.08,53.55,73.8,163.84,13.16,2830.4,1363.5,803.7,363.4,247.1,52.7,72.5,1278,252,1280,249,775,855,780,579,863,147,428.63,3.96,28,39,0.42,164932,40366,0.24
10/1/2011,12.7,39,16.9,22432.8,656.3,22.4,176.3,121.8,54.8,28418,2733,25685,17.1,74.5,77.8,181871,176408,3405,3377,319,3352706.25,360098.95,0,3,0,74.9,20.8,23.6,0.59,0.09,35.4,7.74,4.74,8.6,16.88,312210,31343.75,2215.1,10.6,4270.6,2181.2,10.3,4221.3,3675.85,7897.15,2856.9,1370.52,824.15,363.88,247.41,50.95,72.7,160.53,14.47,2803.7,1345,808.8,357.1,242.8,50,71.5,1289,253,1292,250,780,859,791,582,851,147,427.59,3.16,30,42,0.42,156931,36855,0.23
11/1/2011,12.7,39,16.9,22462.6,656.3,22.4,176.3,121.8,54.8,28418,2733,25685,17.1,74.5,77.8,199915,179736,3205,3455,319,3352706.25,360597.5,0,3,0,74.9,20.8,23.6,0.32,-0.08,57,7.74,4.74,8.6,16.88,312400,31358.83,2148.8,10.8,4258.9,2119.8,10.5,4215.8,3468.88,7684.68,2784.7,1323.27,787.7,365.99,257.01,50.73,73.1,174.13,13.07,2739.1,1301.7,774.8,360,252.8,49.9,71.9,1293,255,1296,252,776,854,788,587,856,149,416.95,3.65,33,42,0.44,141055,36318,0.26
12/1/2011,12.7,39,16.9,22492.4,656.3,22.4,176.3,121.8,54.8,28418,2733,25685,17.1,74.5,77.8,143545,173038,2073,3473,319,3352706.25,361096.05,0,3,0,74.9,20.8,23.6,-0.29,-0.91,76.4,7.74,4.74,8.6,16.88,312590,31373.92,2126.3,10.8,4215.1,2096.4,10.5,4171.3,3368.91,7540.21,2753.4,1337.28,758.98,345.41,266.46,45.27,73,169.01,11.09,2706.3,1314.3,746,339.5,261.9,44.5,71.8,1297,253,1300,250,777,850,785,600,857,148,443.76,3.24,31,51,0.38,156476,39486,0.25
1/1/2012,14.7,42.9,24.7,22522.2,656.3,22.4,176.3,121.8,54.8,28418,2733,25685,17.1,74.5,83.9,143312,176979,2544,3730,320,3562004.083,361594.6,0,2,0,74.9,20.8,23.6,0.06,-0.43,90.88,7.6,4.76,8.63,16.68,312790,31389,2113.1,10.4,4123,2081.7,10.2,4077.6,3622.26,7699.86,2714.7,1308.51,779.94,313.79,268.67,43.79,67.7,155.89,9.01,2665.5,1284.8,765.8,308.1,263.8,43,66.6,1300,262,1303,260,783,853,792,605,860,154,457.22,2.88,34,50,0.4,190194,56432,0.3
2/1/2012,14.7,42.9,24.7,22561.8,656.3,22.4,176.3,121.8,54.8,28418,2733,25685,17.1,74.5,83.9,179151,173267,2695,3031,320,3562004.083,361293.4667,0,2,0,74.9,20.8,23.6,-0.72,-0.3,67.04,7.6,4.76,8.63,16.68,312930,31402.33,2008.9,9.8,3914.1,1981.2,9.6,3872.7,3469.18,7341.88,2557.6,1205.22,794.53,251.52,265.55,40.78,60.2,156.21,9.09,2514.7,1184.9,781.2,247.3,261.1,40.1,59.3,1307,276,1310,274,790,855,795,622,877,163,485.06,3,33,43,0.43,168756,35072,0.21
3/1/2012,14.7,42.9,24.7,22601.3,656.3,22.4,176.3,121.8,54.8,28418,2733,25685,17.1,74.5,83.9,182194,170637,3858,3774,320,3562004.083,360992.3333,0,2,0,74.9,20.8,23.6,-0.8,-1.6,108.7,7.6,4.76,8.63,16.68,313110,31415.67,2159.5,10,4171.4,2133.3,9.7,4131.8,3596.09,7727.89,2753.4,1324.23,852.91,247.73,282.14,46.38,59.5,180.51,9.39,2713,1304.7,840.4,244.1,278,45.7,58.5,1299,283,1302,281,788,846,793,626,889,168,470.81,4.36,33,42,0.44,223133,53822,0.24
4/1/2012,13.3,34.7,17.3,22640.9,656.3,22.4,176.3,121.8,54.8,28418,2733,25685,17.1,74.5,83.9,153759,171182,3101,3174,320,3562004.083,360691.2,0,2,0,74.9,20.8,23.6,-0.4,0.3,18.1,7.6,4.76,8.63,16.68,313280,31429,1990.6,9.9,3855.2,1964,9.6,3815,3523.41,7338.41,2569.5,1271.08,777.53,233.36,243.73,43.81,56.5,169.77,11.13,2528.1,1250.6,765,229.6,239.8,43.1,55.4,1281,295,1284,292,779,835,776,621,893,175,503.17,4.5,32,38,0.46,212953,68967,0.32
5/1/2012,13.3,34.7,17.3,22671.8,656.3,22.4,176.3,121.8,54.8,28418,2733,25685,17.1,74.5,83.9,190395,169262,3899,3186,320,3562004.083,360390.0667,0,2,0,74.9,20.8,23.6,-1.6,0.3,17,7.6,4.76,8.63,16.68,313450,31442.33,2231.9,10.4,4182.7,2206.4,10.1,4143.3,3859.97,8003.27,2875.6,1509.74,797.1,266.48,254.82,47.46,59.2,168.28,11.72,2835.9,1488.9,786.1,262.8,251.3,46.8,58.2,1280,295,1283,293,780,839,771,612,884,175,517.85,3.75,31,35,0.47,241803,79586,0.33
6/1/2012,13.3,34.7,17.3,22702.6,656.3,22.4,176.3,121.8,54.8,28418,2733,25685,17.1,74.5,83.9,174173,173109,3045,3092,320,3562004.083,360088.9333,0,2,0,74.9,20.8,23.6,-0.94,-0.27,24.2,7.6,4.76,8.63,16.68,313630,31455.67,2250.7,8.9,4022.5,2225.8,8.7,3984.9,3670.88,7655.78,2864.1,1523.88,784.69,275.28,232.31,47.94,55.9,157.82,10.78,2825.8,1503.5,774.2,271.6,229.2,47.3,55,1290,270,1293,267,789,853,777,606,891,159,497.9,4.11,32,37,0.46,213846,55452,0.26
7/1/2012,12.2,42,21.1,22733.5,704.7,22.1,187.1,128.3,59,29291,2834,26457,17.4,80.8,83.9,175512,170425,3288,3008,320,3562004.083,359787.8,0,2,0,74.6,20.8,27.4,-0.96,0.07,18.4,7.6,4.76,8.63,16.68,313830,31469,2201.4,9.5,3945.2,2176.8,9.2,3906.5,3676.75,7583.25,2792.8,1476.98,736.31,291.22,242.26,46.02,67.4,164.41,13.99,2755.2,1457.2,726.4,287.3,239,45.4,66.5,1295,241,1297,239,792,860,785,603,880,140,468.73,3.57,34,36,0.49,193020,48518,0.25
8/1/2012,12.2,42,21.1,22767,704.7,22.1,187.1,128.3,59,29291,2834,26457,17.4,80.8,83.9,189326,176571,4278,2949,320,3562004.083,359486.6667,0,2,0,74.6,20.8,27.4,-0.83,1.49,8.3,7.6,4.76,8.63,16.68,314050,31482.33,2368.6,10.1,4391.1,2338.6,9.9,4344.8,3909.11,8253.91,2997.7,1528.04,848.86,289.89,279.53,51.38,72.7,183.53,16.97,2952.3,1504.9,836,285.5,275.3,50.6,71.6,1300,237,1303,235,794,865,791,596,882,139,461.05,4.13,32,35,0.48,181325,55478,0.31
9/1/2012,12.2,42,21.1,22800.4,704.7,22.1,187.1,128.3,59,29291,2834,26457,17.4,80.8,83.9,176748,181133,3545,3193,320,3562004.083,359185.5333,0,2,0,74.6,20.8,27.4,0.42,1.94,10,7.6,4.76,8.63,16.68,314280,31495.67,2015.5,8.8,3948.1,1986.1,8.6,3903.4,3433.02,7336.42,2542.7,1259.18,721.34,260.06,255.38,46.74,64.3,154.7,19.4,2497.1,1236.6,708.4,255.4,250.8,45.9,63.2,1311,235,1314,232,797,871,803,599,874,136,432.78,4.91,33,40,0.45,141538,42753,0.3
10/1/2012,14.2,39.9,17,22833.9,704.7,22.1,187.1,128.3,59,29291,2834,26457,17.4,80.8,83.9,199094,181536,3759,3398,320,3562004.083,358884.4,0,2,0,74.6,20.8,27.4,-0.05,1.53,11.1,7.6,4.76,8.63,16.68,314500,31509,2344.8,10.3,4580.1,2307.6,10,4525.8,3970.38,8496.18,2954.7,1459.71,819.59,331.94,291.04,52.42,73,186.25,21.85,2897.4,1431.4,803.7,325.5,285.4,51.4,71.6,1318,242,1322,238,798,877,805,597,862,140,424.93,3.97,31,43,0.42,141129,52761,0.37
11/1/2012,14.2,39.9,17,22865.3,704.7,22.1,187.1,128.3,59,29291,2834,26457,17.4,80.8,83.9,201074,183465,2873,3260,320,3562004.083,358583.2667,0,2,0,74.6,20.8,27.4,0.83,1.73,30.1,7.6,4.76,8.63,16.68,314700,31522.33,2207.5,10.1,4309.2,2178.8,9.8,4265.3,3571.83,7837.13,2785,1329.23,798.01,335.38,273.18,49.19,70.4,170.2,12,2740.3,1307.9,785.2,330,268.8,48.4,69.4,1321,244,1324,242,797,875,809,602,863,142,430.34,3.83,34,42,0.45,149572,55424,0.37
12/1/2012,14.2,39.9,17,22896.6,704.7,22.1,187.1,128.3,59,29291,2834,26457,17.4,80.8,83.9,148393,185467,2015,3370,320,3562004.083,358282.1333,0,2,0,74.6,20.8,27.4,0.92,1.23,45.3,7.6,4.76,8.63,16.68,314870,31535.67,2020.1,9.8,3997,1992.3,9.6,3954.4,3342.13,7296.53,2543,1224.66,708.65,301.99,263.24,44.45,65.4,179.91,10.09,2500.1,1204.1,696.7,296.9,258.8,43.7,64.5,1324,254,1327,252,799,876,812,608,872,149,441.76,3.94,34,47,0.42,162514,50259,0.31
1/1/2013,14.4,44.7,23.7,22928,704.7,22.1,187.1,128.3,59,29291,2834,26457,17.4,80.8,85,155935,183545,2628,3374,301,3513060,357981,0,2,0,74.6,20.8,27.4,1.26,2.28,64.4,7.51,4.67,8.63,16.81,315040,31549,2261.3,10.5,4349,2227.9,10.2,4302,3848.99,8150.99,2835.9,1396.26,808.86,286.12,302.3,42.36,71.2,168.14,9.26,2785.2,1371.3,794.4,281,296.9,41.6,70.2,1328,252,1331,250,802,873,806,620,879,147,465.72,5.22,37,48,0.44,199225,56072,0.28
2/1/2013,14.4,44.7,23.7,22966.3,704.7,22.1,187.1,128.3,59,29291,2834,26457,17.4,80.8,85,185151,188924,2720,3317,301,3513060,357316.275,0,2,0,74.6,20.8,27.4,0.19,0.81,55.8,7.51,4.67,8.63,16.81,315160,31560.83,1873.4,9,3672.4,1845,8.8,3631.3,3388.33,7019.63,2358.1,1131.27,701.64,223.63,264.28,37.29,59.6,152.69,9.61,2314.6,1110.5,688.7,219.5,259.4,36.6,58.7,1320,258,1323,256,799,867,807,622,882,150,484.61,5.01,37,45,0.45,173952,32773,0.19
3/1/2013,14.4,44.7,23.7,23004.7,704.7,22.1,187.1,128.3,59,29291,2834,26457,17.4,80.8,85,183463,187484,2945,3236,301,3513060,356651.55,0,2,0,74.6,20.8,27.4,0.82,0.66,62.1,7.51,4.67,8.63,16.81,315300,31572.67,2039.8,9.2,3994.9,2012.3,9,3954.7,3520.07,7474.77,2586.9,1240.74,775.08,249.15,278.73,43.2,62.6,187.22,10.08,2544.9,1220.6,762.5,245.1,274.2,42.5,61.6,1313,252,1315,250,792,856,798,625,882,146,489.98,4.86,38,41,0.48,216842,47293,0.22
4/1/2013,13.3,34.1,14.9,23043,704.7,22.1,187.1,128.3,59,29291,2834,26457,17.4,80.8,85,185370,191287,3384,3153,301,3513060,355986.825,0,2,0,74.6,20.8,27.4,0.55,1.64,19.5,7.51,4.67,8.63,16.81,315460,31584.5,2128.6,9.1,4091.9,2101.1,8.9,4051.4,3754.82,7806.22,2731.1,1333.71,792.5,284.42,272.63,47.84,58.7,180.18,11.62,2688.7,1313.1,780.2,280,268.4,47.1,57.7,1296,266,1298,264,783,844,784,626,885,155,511.23,5.77,35,38,0.48,231945,57514,0.25
5/1/2013,13.3,34.1,14.9,23071.4,704.7,22.1,187.1,128.3,59,29291,2834,26457,17.4,80.8,85,219441,194001,4119,3424,301,3513060,355322.1,0,2,0,74.6,20.8,27.4,1.31,0.8,35.5,7.51,4.67,8.63,16.81,315610,31596.33,2227.6,9.1,4150,2201.5,8.9,4111.6,3834.33,7945.93,2863,1475.47,773.28,311.89,251.24,51.12,58.6,194.68,13.72,2822.7,1454.7,762.4,307.5,247.7,50.4,57.6,1289,265,1291,262,782,844,773,620,889,155,510.13,5.4,34,36,0.49,204830,51367,0.25
6/1/2013,13.3,34.1,14.9,23099.7,704.7,22.1,187.1,128.3,59,29291,2834,26457,17.4,80.8,85,186625,192088,3286,3299,301,3513060,354657.375,0,2,0,74.6,20.8,27.4,1.44,0.16,29.6,7.51,4.67,8.63,16.81,315810,31608.17,2157,8.4,3854.5,2132.2,8.3,3817.5,3527.58,7345.08,2730.9,1454.84,736.45,268.94,223.41,47.26,57.6,171.99,11.61,2692.9,1434.6,726.2,265.2,220.3,46.6,56.7,1300,250,1302,248,793,854,779,623,894,146,482.57,5,33,36,0.48,191959,54289,0.28
7/1/2013,12.4,42.7,18.1,23128.1,789.5,21.7,205.3,147.4,58.1,29103,2807,26296,21.9,113.3,85,209961,194193,4132,3563,301,3513060,353992.65,0,2,0,78.4,20.3,28.1,1.39,1.52,17.4,7.51,4.67,8.63,16.81,315990,31620,2294.1,9.6,4158.2,2268.3,9.4,4117.8,3850.87,7968.67,2894.9,1494.44,819.45,278.49,254.16,48.36,70,201.4,12.3,2855.5,1474,808.3,274.7,250.7,47.7,69.1,1302,234,1304,232,796,863,783,619,886,136,481.25,5.63,35,38,0.48,191709,56683,0.3
8/1/2013,12.4,42.7,18.1,23158.8,789.5,21.7,205.3,147.4,58.1,29103,2807,26296,21.9,113.3,85,203868,196173,4305,3233,301,3513060,353327.925,0,2,0,78.4,20.3,28.1,0.59,2.6,10.1,7.51,4.67,8.63,16.81,316200,31631.83,2241.2,9,4202.4,2215.6,8.8,4161.3,3841.6,8002.9,2817.3,1437.65,812.42,244.68,269.72,52.83,64.4,196.6,11.3,2778.4,1417.8,801.2,241.3,266,52.1,63.5,1310,240,1312,237,799,866,790,616,880,140,462.6,5.9,35,39,0.47,168091,46031,0.27
9/1/2013,12.4,42.7,18.1,23189.5,789.5,21.7,205.3,147.4,58.1,29103,2807,26296,21.9,113.3,85,199427,200471,3798,3417,301,3513060,352663.2,0,2,0,78.4,20.3,28.1,2.09,3.41,13.3,7.51,4.67,8.63,16.81,316430,31643.67,2073.8,8.6,3937,2047.1,8.4,3896.4,3603.22,7499.62,2608.9,1315.98,746.94,231.95,262.73,51.31,62.9,173.31,11.49,2567.9,1295.2,735.2,228.3,258.6,50.5,62,1313,234,1316,232,799,868,794,612,876,136,430.24,3.84,35,43,0.45,155146,49297,0.32
10/1/2013,12.9,38,12.7,23220.2,789.5,21.7,205.3,147.4,58.1,29103,2807,26296,21.9,113.3,85,216026,197516,3798,3320,301,3513060,351998.475,0,2,0,78.4,20.3,28.1,0.76,2.1,11.4,7.51,4.67,8.63,16.81,316660,31655.5,2318.2,9.9,4510.2,2283.8,9.7,4460.1,4051.77,8511.87,2904.3,1428.57,861.58,277.28,281.96,54.91,69.4,190.65,17.65,2851.1,1402.5,845.8,272.2,276.8,53.9,68.5,1327,245,1331,243,803,875,800,615,868,143,445.16,4.57,33,47,0.41,183152,59643,0.33
11/1/2013,12.9,38,12.7,23246.1,789.5,21.7,205.3,147.4,58.1,29103,2807,26296,21.9,113.3,85,208586,195764,2706,3246,301,3513060,351333.75,0,2,0,78.4,20.3,28.1,0.36,0.69,39.6,7.51,4.67,8.63,16.81,316880,31667.33,2057.6,9.1,4118.4,2030.9,8.9,4079.8,3492.97,7572.77,2569.1,1281.86,712.29,272.23,253.22,49.51,60.6,169.8,14.1,2527.3,1261.1,700.7,267.8,249.1,48.7,59.7,1339,256,1342,254,805,878,807,620,870,149,440.11,3.89,38,49,0.44,166541,58973,0.35
12/1/2013,12.9,38,12.7,23271.9,789.5,21.7,205.3,147.4,58.1,29103,2807,26296,21.9,113.3,85,164847,200289,2542,4162,301,3513060,350669.025,0,2,0,78.4,20.3,28.1,0.4,0.77,40.1,7.51,4.67,8.63,16.81,317060,31679.17,2047.3,9.8,4135.6,2019.1,9.7,4095,3568.11,7663.11,2561.9,1269.76,738.72,251.94,261.2,40.29,66.5,186.88,12.42,2517.8,1248,726,247.6,256.7,39.6,65.8,1334,251,1337,250,804,874,806,620,865,148,450.76,3.21,37,53,0.41,166287,53952,0.32
1/1/2014,14.2,42.7,21.7,23297.8,789.5,21.7,205.3,147.4,58.1,29103,2807,26296,21.9,113.3,111.4,180231,210977,2722,3508,324,3504590.667,350004.3,0,2,0,78.4,20.3,28.1,0.85,0.97,93.1,7.35,4.49,8.37,16.67,317240,31691,2140.9,9.3,4248.3,2111.5,9.2,4206.7,3693.12,7899.82,2679,1322.62,764.4,274.02,274.84,43.13,62.8,169.56,11.04,2633.8,1300.1,751.5,269.4,270.2,42.4,62,1334,253,1338,251,803,873,808,623,874,148,439.37,3.96,40,54,0.43,180858,54170,0.3
2/1/2014,14.2,42.7,21.7,23333.9,789.5,21.7,205.3,147.4,58.1,29103,2807,26296,21.9,113.3,111.4,205353,208915,3248,3949,324,3504590.667,350750.775,0,2,0,78.4,20.3,28.1,0.14,-0.45,101.5,7.35,4.49,8.37,16.67,317410,31768.33,1788.4,8.2,3652.3,1762.2,8,3614.9,3486.21,7101.11,2244.1,1116.76,646.09,202.09,240.88,38.28,52.1,157.85,10.05,2204.2,1096.8,634.6,198.5,236.6,37.6,51.5,1330,267,1334,266,801,865,804,627,883,157,429.3,3.29,38,49,0.44,171013,32423,0.19
3/1/2014,14.2,42.7,21.7,23370.1,789.5,21.7,205.3,147.4,58.1,29103,2807,26296,21.9,113.3,111.4,215711,207965,3464,3383,324,3504590.667,351497.25,0,2,0,78.4,20.3,28.1,0.46,0.98,40.5,7.35,4.49,8.37,16.67,317560,31845.67,1937,8.7,3813.3,1911.9,8.6,3776.7,3607.31,7384.01,2449.1,1217.59,711.62,223.62,249.63,46.64,53.6,179.37,10.43,2410.5,1198.4,700.4,220.1,245.7,45.9,52.9,1318,277,1321,276,795,855,795,628,898,163,409.51,3.19,38,45,0.46,244999,61750,0.25
4/1/2014,12.8,31.4,10.1,23406.2,789.5,21.7,205.3,147.4,58.1,29103,2807,26296,21.9,113.3,111.4,185854,202740,3529,3319,324,3504590.667,352243.725,0,2,0,78.4,20.3,28.1,1.32,0.92,39.5,7.35,4.49,8.37,16.67,317730,31923,2043.1,8.4,3977.7,2017.5,8.3,3939.4,3737.99,7677.39,2595.3,1353.86,725.88,231.94,233.36,50.27,48.8,207.71,13.79,2555.7,1333.2,714.8,228.4,229.8,49.5,48,1306,294,1308,292,791,845,783,632,906,173,405.79,2.92,35,42,0.45,270626,96533,0.36
5/1/2014,12.8,31.4,10.1,23429.4,789.5,21.7,205.3,147.4,58.1,29103,2807,26296,21.9,113.3,111.4,227988,208431,3702,3353,324,3504590.667,352990.2,0,2,0,78.4,20.3,28.1,1.66,1.57,21.3,7.35,4.49,8.37,16.67,317910,32000.33,2071.7,7.8,3952.4,2046.8,7.6,3916.5,3729.05,7645.55,2635.6,1448,692.18,236.65,212.6,46.17,46.6,179.93,14.07,2597.2,1427,682.1,233.2,209.5,45.5,45.9,1299,285,1302,283,790,842,775,632,908,168,402.28,3.21,33,41,0.45,244827,79597,0.33
6/1/2014,12.8,31.4,10.1,23452.5,789.5,21.7,205.3,147.4,58.1,29103,2807,26296,21.9,113.3,111.4,204847,205702,3428,3383,324,3504590.667,353736.675,0,2,0,78.4,20.3,28.1,0.38,0.54,15.8,7.35,4.49,8.37,16.67,318110,32077.67,2069,7.6,3823.9,2044.1,7.4,3787.9,3745.44,7533.34,2606.4,1417.22,725.71,214.33,202.46,46.68,45.3,180.01,12.99,2568.3,1396.5,715.1,211.2,199.5,46,44.6,1307,284,1309,283,798,854,777,627,906,167,377.64,2.75,33,39,0.46,251872,82186,0.33
7/1/2014,12,41.1,16.7,23475.7,842.1,21.9,221.8,167.4,54.4,27413,2811,24602,39.2,268.6,111.4,237218,217638,3968,3392,324,3504590.667,354483.15,0,2,0,79.3,19.9,28.8,-0.3,0.89,15.1,7.35,4.49,8.37,16.67,318300,32155,2087.4,7.8,3908.9,2060.8,7.7,3869.5,3887.18,7756.68,2601.7,1411.7,703.06,201.79,235.2,49.96,48.4,195.59,14.81,2561.9,1390.1,692.3,198.7,231.6,49.2,47.8,1320,275,1322,274,806,868,787,624,908,161,358.17,3.32,36,40,0.47,262711,96800,0.37
8/1/2014,12,41.1,16.7,23504.8,842.1,21.9,221.8,167.4,54.4,27413,2811,24602,39.2,268.6,111.4,220488,217753,4402,3458,324,3504590.667,355229.625,0,2,0,79.3,19.9,28.8,-0.5,0.63,14.6,7.35,4.49,8.37,16.67,318540,32232.33,2023.5,7.1,3794.5,1999,6.9,3756.7,3737.93,7494.63,2499.6,1338.56,695.47,184.52,231.92,49.13,43.6,169.11,11.89,2462.7,1318.8,685.2,181.8,228.5,48.4,43,1329,277,1332,276,813,878,795,624,908,163,367.94,3.95,34,40,0.46,245405,96077,0.39
9/1/2014,12,41.1,16.7,23533.8,842.1,21.9,221.8,167.4,54.4,27413,2811,24602,39.2,268.6,111.4,220421,216106,3711,3303,324,3504590.667,355976.1,0,2,0,79.3,19.9,28.8,0.41,2.03,12.1,7.35,4.49,8.37,16.67,318770,32309.67,2068.4,7.2,3959.9,2041,7.1,3919.3,3856.26,7775.56,2531.1,1334.88,713.24,192.03,241.64,49.3,42.4,177.94,13.76,2489.8,1313.1,701.6,188.9,237.7,48.5,41.8,1344,290,1347,289,822,890,806,625,900,171,346.56,3.58,32,44,0.42,256648,115822,0.45
10/1/2014,13.2,37.7,12.3,23562.9,842.1,21.9,221.8,167.4,54.4,27413,2811,24602,39.2,268.6,111.4,240625,220843,3877,3445,324,3504590.667,356722.575,0,2,0,79.3,19.9,28.8,1.06,2.76,9.6,7.35,4.49,8.37,16.67,319010,32387,2171.1,7.8,4318.6,2138.6,7.6,4272.1,4146.81,8418.91,2639.9,1331.21,780.71,220.22,256.6,51.16,43.3,192.74,14.66,2590.5,1306.3,766.1,216.1,251.8,50.2,42.6,1355,304,1359,303,827,900,822,625,893,180,378.17,2.33,31,48,0.39,272555,132675,0.49
11/1/2014,13.2,37.7,12.3,23588.7,842.1,21.9,221.8,167.4,54.4,27413,2811,24602,39.2,268.6,111.4,226565,221771,3070,3673,324,3504590.667,357469.05,0,2,0,79.3,19.9,28.8,1.58,2.19,25.6,7.35,4.49,8.37,16.67,319220,32464.33,1849.5,6.5,3757.7,1825.4,6.3,3722.8,3467.27,7190.07,2246.8,1102.2,668.64,211.39,221.56,43.01,35.9,162.02,10.78,2209.7,1084.1,657.6,207.9,217.9,42.3,35.2,1363,306,1367,305,828,903,827,630,894,181,380.93,3.8,35,50,0.41,258159,117888,0.46
12/1/2014,13.2,37.7,12.3,23614.5,842.1,21.9,221.8,167.4,54.4,27413,2811,24602,39.2,268.6,111.4,188504,217797,2224,3332,324,3504590.667,358215.525,0,2,0,79.3,19.9,28.8,0.93,0.88,64.8,7.35,4.49,8.37,16.67,319410,32541.67,2000.2,7.7,4135.5,1973.4,7.5,4096.6,3880.48,7977.08,2439.3,1234.15,686.86,214.03,261.23,43.03,43,188.04,11.46,2397.9,1213.2,675.2,210.4,256.8,42.3,42.2,1363,303,1367,302,825,897,824,631,898,179,400.83,5.32,34,55,0.38,287209,116755,0.41
1/1/2015,13.5,43.3,21.3,23640.3,842.1,21.9,221.8,167.4,54.4,27413,2811,24602,39.2,268.6,127.3,182062,219746,2338,3259,312,3452572.5,358962,0,2,0,79.3,19.9,28.8,0.44,-0.41,106.7,7.43,4.48,8.68,17.45,319590,32619,1963.5,6.8,4086.5,1936.2,6.7,4047.5,3873.59,7921.09,2417.6,1229.4,660.63,209.05,280.16,38.35,39.9,157.39,9.61,2376.5,1208.6,649.4,205.5,275.4,37.7,39.3,1358,291,1362,290,817,884,814,642,912,172,444.38,6.44,37,54,0.41,296699,121106,0.41
2/1/2015,13.5,43.3,21.3,23675.4,842.1,21.9,221.8,167.4,54.4,27413,2811,24602,39.2,268.6,127.3,216821,220549,2780,3416,312,3452572.5,355669.9167,0,2,0,79.3,19.9,28.8,1,2.35,37.6,7.43,4.48,8.68,17.45,319730,32747.17,1768.1,6.3,3731.1,1744.6,6.2,3696.2,3486.92,7183.12,2170.2,1072.75,637.79,183.01,246.35,30.3,36.7,155.58,8.42,2134.5,1055.1,627.3,180,242.3,29.8,36.1,1355,293,1359,292,819,880,817,662,918,173,492,8.29,34,48,0.41,254857,70077,0.27
3/1/2015,13.5,43.3,21.3,23710.5,842.1,21.9,221.8,167.4,54.4,27413,2811,24602,39.2,268.6,127.3,234817,222458,3373,3212,312,3452572.5,352377.8333,0,2,0,79.3,19.9,28.8,0.56,1.12,42.8,7.43,4.48,8.68,17.45,319890,32875.33,1933.3,6.9,4066.3,1907.2,6.8,4026.6,3947.09,7973.69,2381,1198.58,687.4,191.78,265.1,38.13,39.8,194.94,10.26,2341.5,1178.6,676,188.6,260.7,37.5,39.2,1347,295,1351,294,816,873,818,656,927,174,491.88,9.61,33,45,0.42,325428,99792,0.31
4/1/2015,12,33,11.1,23745.6,842.1,21.9,221.8,167.4,54.4,27413,2811,24602,39.2,268.6,127.3,201839,219006,3565,3174,312,3452572.5,349085.75,0,2,0,79.3,19.9,28.8,-0.36,-1.02,27.1,7.43,4.48,8.68,17.45,320060,33003.5,1928.8,6.6,4016,1903.9,6.5,3978.1,3901.59,7879.69,2383.3,1255.2,645.53,194.55,246.67,41.35,35.4,188.51,10.79,2345.9,1235.4,635.4,191.5,242.8,40.7,34.7,1338,318,1341,317,813,868,807,654,934,188,481.47,8.16,33,38,0.46,344030,131182,0.38
5/1/2015,12,33,11.1,23769.1,842.1,21.9,221.8,167.4,54.4,27413,2811,24602,39.2,268.6,127.3,228893,215532,3077,3015,312,3452572.5,345793.6667,0,2,0,79.3,19.9,28.8,-0.47,-0.04,21.9,7.43,4.48,8.68,17.45,320240,33131.67,1925.5,6.6,3806,1902.6,6.5,3771.4,3731.8,7503.2,2379.4,1346.87,597.44,180.92,217.14,37.04,33.2,158.86,10.54,2345,1327.4,588.8,178.3,214,36.5,32.7,1332,335,1335,334,813,866,792,653,928,199,484.29,6.58,34,39,0.47,305353,112292,0.37
6/1/2015,12,33,11.1,23792.5,842.1,21.9,221.8,167.4,54.4,27413,2811,24602,39.2,268.6,127.3,224104,219361,2899,2831,312,3452572.5,342501.5833,0,2,0,79.3,19.9,28.8,1.32,1.37,20.7,7.43,4.48,8.68,17.45,320430,33259.83,2001.6,7,4018,1977.6,6.9,3981.4,3943.97,7925.37,2466,1420.94,593.16,184.39,224.78,42.72,35.2,183.4,11.5,2430,1400.2,584.5,181.7,221.5,42.1,34.5,1332,336,1335,335,816,870,792,647,932,200,474.61,4.68,36,38,0.49,339672,137916,0.41
7/1/2015,11.3,42.5,16.8,23816,733.3,22.2,195.3,145.8,49.7,24971,2665,22306,28,207.3,127.3,235020,212946,3099,2785,312,3452572.5,339209.5,0,2,0,79.3,19.9,28.8,0.41,0.42,15.1,7.43,4.48,8.68,17.45,320640,33388,2046.8,6.9,4039.5,2023.4,6.8,4002.5,3973.41,7975.91,2493.3,1437.56,599.06,173.72,241.98,40.97,36.5,177.41,10.59,2458.5,1417.5,590.7,171.3,238.6,40.4,36,1346,322,1348,322,825,884,801,641,922,191,474.27,3.29,39,41,0.49,288093,108344,0.38
8/1/2015,11.3,42.5,16.8,23845.4,733.3,22.2,195.3,145.8,49.7,24971,2665,22306,28,207.3,127.3,202205,198829,3642,2736,312,3452572.5,335917.4167,0,2,0,79.3,19.9,28.8,0.53,0.68,16.6,7.43,4.48,8.68,17.45,320860,33516.17,1934.9,6.5,3902.2,1911,6.3,3863.8,3921.48,7785.28,2323.3,1333.84,566.31,154.12,228.84,40.2,34.5,164.61,10.59,2288.4,1313.8,557.8,151.8,225.4,39.6,33.9,1363,318,1365,317,837,902,812,637,922,188,460.09,3.85,38,43,0.47,312704,136892,0.44
9/1/2015,11.3,42.5,16.8,23874.9,733.3,22.2,195.3,145.8,49.7,24971,2665,22306,28,207.3,127.3,206101,200527,3110,2539,312,3452572.5,332625.3333,0,2,0,79.3,19.9,28.8,-0.44,0.82,6.2,7.43,4.48,8.68,17.45,321080,33644.33,2086.6,6.8,4141.7,2060.2,6.7,4100.1,3995.88,8095.98,2474.6,1411.05,573.85,188.84,255.93,44.92,37.3,180.34,12.56,2434.7,1388.4,564.6,185.8,251.8,44.2,36.8,1382,312,1386,311,848,920,829,637,910,184,470.32,4.07,38,45,0.46,288626,133581,0.46
10/1/2015,12.6,39,13.1,23904.3,733.3,22.2,195.3,145.8,49.7,24971,2665,22306,28,207.3,127.3,211038,202990,2962,2867,312,3452572.5,329333.25,0,2,0,79.3,19.9,28.8,2.34,3.44,10.8,7.43,4.48,8.68,17.45,321310,33772.5,2126.3,7.2,4314.6,2096.5,7.1,4270,4052.45,8322.45,2514.3,1359.68,650.42,200.28,261.16,42.76,40.2,175.17,10.73,2469.4,1335.3,638.8,196.7,256.5,42,39.6,1390,304,1394,303,851,926,846,630,895,180,498.35,5.92,39,49,0.44,237327,89152,0.38
11/1/2015,12.6,39,13.1,23931.1,733.3,22.2,195.3,145.8,49.7,24971,2665,22306,28,207.3,127.3,204241,195923,1306,1530,312,3452572.5,326041.1667,0,2,0,79.3,19.9,28.8,1.74,1.98,33.8,7.43,4.48,8.68,17.45,321500,33900.67,1936.1,7.1,4035.7,1911.2,6.9,3997.9,3656.3,7654.2,2296.2,1205.39,614.49,203.95,234.45,37.92,38.8,172.03,9.37,2258.5,1185.6,604.4,200.6,230.6,37.3,38.2,1392,310,1396,309,848,923,850,634,893,183,509.13,6.17,46,51,0.47,189076,66558,0.35
12/1/2015,12.6,39,13.1,23957.8,733.3,22.2,195.3,145.8,49.7,24971,2665,22306,28,207.3,127.3,166758,190674,769,1110,312,3452572.5,322749.0833,0,2,0,79.3,19.9,28.8,1.25,0.82,83.6,7.43,4.48,8.68,17.45,321710,34028.83,2046.3,7.8,4274.5,2020.5,7.7,4234.9,3852.85,8087.75,2452.4,1306.12,643.91,207.8,259.52,35.06,45.1,189.3,11.1,2413.5,1285.5,633.7,204.5,255.4,34.5,44.5,1388,295,1391,294,839,908,841,638,888,173,510.64,6.58,44,57,0.44,186439,51308,0.28
1/1/2016,14.2,46,24.3,23984.6,733.3,22.2,195.3,145.8,49.7,24971,2665,22306,28,207.3,113.8,149533,185660,1163,1712,315,3333521.083,319457,0,2,0,79.3,19.9,28.8,0.82,0.21,66.9,7.66,4.71,8.91,17.88,321860,34157,1954.2,6.7,4056.2,1927.7,6.6,4017.3,3786.87,7804.17,2359.2,1235.58,621.55,200.13,270,31.93,41.7,153,7.8,2319.9,1215.1,611.2,196.8,265.5,31.4,41.2,1381,275,1385,273,833,900,835,649,902,161,512.52,6.24,51,62,0.45,286633,105906,0.37
2/1/2016,14.2,46,24.3,24024.2,733.3,22.2,195.3,145.8,49.7,24971,2665,22306,28,207.3,113.8,187583,182413,1489,1821,315,3333521.083,319893.9167,0,2,0,79.3,19.9,28.8,0.42,1.43,42.7,7.66,4.71,8.91,17.88,322040,34258.5,1886,6.1,3905.5,1859.7,6,3866,3765.78,7631.78,2290.9,1177.19,628.63,191.26,260.85,32.96,36.4,167.51,8.59,2251.8,1157.2,617.9,188,256.4,32.4,35.8,1372,287,1375,285,828,891,830,654,907,168,534.11,6.9,52,52,0.5,231496,53749,0.23
3/1/2016,14.2,46,24.3,24063.8,733.3,22.2,195.3,145.8,49.7,24971,2665,22306,28,207.3,113.8,190647,187019,2268,2074,315,3333521.083,320330.8333,0,2,0,79.3,19.9,28.8,1.97,1.42,62,7.66,4.71,8.91,17.88,322200,34360,2097.3,6.4,4263.2,2069.5,6.2,4220.8,4091.67,8312.47,2534.1,1337.14,679.45,210.52,266.53,40.46,35.9,197.36,9.14,2492.9,1315.4,668.4,207.1,262.2,39.8,35.2,1370,302,1373,301,832,891,832,660,918,178,506.36,7.32,54,47,0.53,273985,78159,0.29
4/1/2016,13,35.6,14.5,24103.4,733.3,22.2,195.3,145.8,49.7,24971,2665,22306,28,207.3,113.8,183108,191650,2627,2496,315,3333521.083,320767.75,0,2,0,79.3,19.9,28.8,1.61,2.38,10,7.66,4.71,8.91,17.88,322370,34461.5,1964,6,3983,1939.8,5.9,3945.8,3842.14,7787.94,2409.1,1339.51,594.94,202.31,230.42,41.92,34.8,179.51,10.29,2373.3,1319.6,586.1,199.3,227,41.3,34.2,1348,293,1351,292,819,874,813,648,909,173,481.76,6.67,56,46,0.55,272590,76952,0.28
5/1/2016,13,35.6,14.5,24132.6,733.3,22.2,195.3,145.8,49.7,24971,2665,22306,28,207.3,113.8,204032,189040,2220,2122,315,3333521.083,321204.6667,0,2,0,79.3,19.9,28.8,2.04,1.72,44.8,7.66,4.71,8.91,17.88,322550,34563,2030.2,6,3998.2,2005.7,5.8,3960.4,4022.29,7982.69,2515.4,1450.2,591.81,212.9,217.77,42.72,35.6,174.56,11.14,2478.8,1429.1,583.2,209.8,214.6,42.1,34.9,1333,287,1335,285,811,861,796,648,916,168,467.8,6.19,58,46,0.56,279359,73206,0.26
6/1/2016,13,35.6,14.5,24161.7,733.3,22.2,195.3,145.8,49.7,24971,2665,22306,28,207.3,113.8,175728,167470,2872,2525,315,3333521.083,321641.5833,0,2,0,79.3,19.9,28.8,2.22,0.38,50,7.66,4.71,8.91,17.88,322730,34664.5,2193,6.4,4226.2,2168.7,6.3,4189.1,4079.7,8268.8,2706,1588.65,621.11,221.97,226.73,47.54,37.7,184.42,11.48,2669.8,1567.5,612.8,219,223.7,46.9,37,1334,291,1337,290,814,865,795,646,923,171,461.68,6.48,59,42,0.58,279069,78781,0.28
7/1/2016,11.8,15.1,24.6,24190.9,618.4,23.3,172.4,120.3,52.2,26176,2606,23570,17,124.5,113.8,157321,152294,1839,1963,315,3333521.083,322078.5,0,2,0,79.3,19.9,28.8,1.59,0.38,35.6,7.66,4.71,8.91,17.88,322940,34766,2024.2,5.6,3865.8,2002.4,5.5,3831.1,3779.22,7610.32,2474.9,1432.52,589.32,194.62,216.09,42.35,37.7,161.38,8.82,2442.9,1414.1,581.7,192.1,213.3,41.8,37.1,1345,257,1347,254,821,879,802,637,909,149,464.53,8.67,56,45,0.55,270415,71510,0.26
8/1/2016,11.8,15.1,24.6,24227.2,618.4,23.3,172.4,120.3,52.2,26176,2606,23570,17,124.5,113.8,179148,165835,2999,1997,315,3333521.083,322515.4167,0,2,0,79.3,19.9,28.8,0.68,0.19,27.1,7.66,4.71,8.91,17.88,323140,34867.5,2265.8,6.1,4434.1,2238.6,5.9,4390.5,4241.48,8631.98,2750.6,1539.37,700.64,213.49,248.19,48.91,40.9,181.68,11.72,2710.8,1517.2,690.5,210.4,244.6,48.2,40.3,1352,255,1354,253,828,891,809,635,904,148,469.74,8.76,54,45,0.55,261397,66281,0.25
9/1/2016,11.8,15.1,24.6,24263.6,618.4,23.3,172.4,120.3,52.2,26176,2606,23570,17,124.5,113.8,159644,156183,2140,1769,315,3333521.083,322952.3333,0,2,0,79.3,19.9,28.8,0.77,-0.87,47,7.66,4.71,8.91,17.88,323350,34969,2181.5,6.2,4326.1,2153.4,6,4283,4009.99,8292.99,2619.3,1445.5,663.21,214.4,249.05,47.15,42.5,182.71,11.29,2577.8,1422.7,652.7,211,245.1,46.4,41.8,1370,251,1373,248,837,905,824,636,896,145,476.59,8.35,51,48,0.52,218960,43500,0.2
10/1/2016,12.1,43.1,17.9,24299.9,618.4,23.3,172.4,120.3,52.2,26176,2606,23570,17,124.5,113.8,165800,166081,1476,1498,315,3333521.083,323389.25,0,2,0,79.3,19.9,28.8,-0.73,-0.29,19.5,7.66,4.71,8.91,17.88,323560,35070.5,2211.2,6.6,4427.7,2180.2,6.5,4381.3,3991.19,8372.49,2637.7,1410.89,703.05,238.42,241.37,43.96,48.3,171.35,10.25,2592.1,1386.5,690.9,234.3,237.2,43.2,47.6,1381,237,1385,235,843,914,838,635,876,137,519.02,11,54,53,0.5,225577,43156,0.19
11/1/2016,12.1,43.1,17.9,24329.8,618.4,23.3,172.4,120.3,52.2,26176,2606,23570,17,124.5,113.8,196887,183258,1507,1604,315,3333521.083,323826.1667,0,2,0,79.3,19.9,28.8,0.1,1,22.6,7.66,4.71,8.91,17.88,323740,35172,2240.2,6.7,4499.4,2215.5,6.5,4461.5,3908.47,8369.97,2669,1411.77,720.53,247.72,246.6,42.38,47.3,176.87,10.03,2632.2,1392.3,710.6,244.3,243.2,41.8,46.6,1384,243,1387,241,843,916,846,627,876,141,533.07,11.77,72,51,0.59,211490,37898,0.18
12/1/2016,12.1,43.1,17.9,24359.8,618.4,23.3,172.4,120.3,52.2,26176,2606,23570,17,124.5,113.8,151420,176578,1602,2599,315,3333521.083,324263.0833,0,2,0,79.3,19.9,28.8,0.96,0.46,91.8,7.66,4.71,8.91,17.88,323910,35273.5,2173.3,6.8,4402.3,2146.8,6.6,4362,3845.46,8207.46,2612,1378.81,703.01,234.07,256.91,39.2,48.9,187.2,9.8,2572.2,1357.8,692.3,230.5,253,38.6,48.1,1381,240,1384,238,836,905,838,638,876,139,530.95,7.58,87,61,0.59,200746,38022,0.19
1/1/2017,13.3,51.7,29.6,24389.7,618.4,23.3,172.4,120.3,52.2,26176,2606,23570,17,124.5,113.2,138624,168357,947,1310,316,3384462.917,324700,0,3,0,79.3,19.9,28.8,1.29,0.25,125.3,7.8,4.83,8.95,18.13,324080,35375,2119.3,6.3,4292.7,2089.7,6.2,4249.5,4051.2,8300.7,2576.9,1335.39,707.88,223.07,273.73,36.82,46.6,168.73,8.67,2533.3,1312.8,695.9,219.3,269.1,36.2,45.9,1370,235,1374,233,827,893,828,642,879,136,567.89,14.43,59,65,0.48,228002,56037,0.25
2/1/2017,13.3,51.7,29.6,24432.6,618.4,23.3,172.4,120.3,52.2,26176,2606,23570,17,124.5,113.2,168142,170627,1193,1525,316,3384462.917,325909.1667,0,3,0,79.3,19.9,28.8,0.2,0.46,80.6,7.8,4.83,8.95,18.13,324210,35424.58,1933.9,5.6,3938.3,1906.7,5.5,3898.9,3663.15,7562.05,2369.2,1221.87,645.42,205.54,257.52,38.85,40.2,151.58,7.82,2329.5,1201.4,634.6,202.1,253.2,38.2,39.6,1361,241,1363,239,820,880,823,652,885,139,538.22,18.54,56,58,0.49,200502,30933,0.15
3/1/2017,13.3,51.7,29.6,24475.5,618.4,23.3,172.4,120.3,52.2,26176,2606,23570,17,124.5,113.2,187461,169238,1729,1455,316,3384462.917,327118.3333,0,3,0,79.3,19.9,28.8,1.44,1.87,66.7,7.8,4.83,8.95,18.13,324340,35474.17,2249.7,6.4,4537.5,2220.2,6.3,4493.8,4169.94,8663.74,2768.3,1435.49,776.1,234.73,275.36,46.62,45,187.77,8.53,2725.5,1413.3,764.1,231.1,271.1,45.9,44.3,1350,247,1352,244,816,872,814,656,890,143,502.45,16.95,59,53,0.53,271128,55193,0.2
4/1/2017,12.1,36.8,15.8,24518.4,618.4,23.3,172.4,120.3,52.2,26176,2606,23570,17,124.5,113.2,146771,170636,1365,1429,316,3384462.917,328327.5,0,3,0,79.3,19.9,28.8,-0.1,0.28,25.5,7.8,4.83,8.95,18.13,324480,35523.75,1963.1,5.8,3968.7,1936.9,5.7,3929.9,3702.63,7632.53,2463.3,1352.73,619.33,214.84,231.7,44.69,39,169.11,10.59,2425,1331.6,609.7,211.5,228.1,44,38.4,1325,257,1327,255,801,849,791,655,901,150,464,16.1,59,48,0.55,250361,57753,0.23
5/1/2017,12.1,36.8,15.8,24546.2,618.4,23.3,172.4,120.3,52.2,26176,2606,23570,17,124.5,113.2,201955,179557,1723,1559,316,3384462.917,329536.6667,0,3,0,79.3,19.9,28.8,-0.08,1.49,15.6,7.8,4.83,8.95,18.13,324640,35573.33,2163.4,6.3,4277.5,2135.7,6.1,4236.2,4228.17,8464.37,2753.8,1549.15,677.64,235.18,240.77,51.06,39.3,169.52,11.28,2713,1526.2,667.6,231.7,237.2,50.3,38.5,1307,275,1309,273,789,836,771,647,907,161,458.42,15.38,57,49,0.54,267741,52103,0.19
6/1/2017,12.1,36.8,15.8,24574.1,618.4,23.3,172.4,120.3,52.2,26176,2606,23570,17,124.5,113.2,195344,188741,1579,1540,316,3384462.917,330745.8333,0,3,0,79.3,19.9,28.8,-0.4,1.33,8.8,7.8,4.83,8.95,18.13,324800,35622.92,2280.3,6.3,4352.3,2254.6,6.2,4314.3,4125.05,8439.35,2859,1604.42,704.16,254.99,239.89,55.54,40.4,176.59,11.11,2821,1583.1,694.8,251.6,236.7,54.8,39.6,1321,269,1323,266,801,853,782,645,922,157,411.5,12.87,63,46,0.58,293999,56468,0.19
7/1/2017,10.1,48.4,23.2,24601.9,659.6,23.6,186.5,136.5,49.8,26395,2627,23768,19.6,142.3,113.2,189064,182682,1380,1472,316,3384462.917,331955,0,3,0,79.3,19.9,28.8,1,2.62,13.5,7.8,4.83,8.95,18.13,324990,35672.5,2107.9,5.7,3989.4,2084.2,5.5,3952.9,3878.76,7831.66,2612,1430.91,681.55,223.57,228.84,47.13,39.1,157.55,9.35,2577.3,1412,672.5,220.6,225.8,46.5,38.3,1333,250,1335,247,810,869,793,639,913,145,415.33,12.3,100,50,0.67,301046,70292,0.23
8/1/2017,10.1,48.4,23.2,24635.2,659.6,23.6,186.5,136.5,49.8,26395,2627,23768,19.6,142.3,113.2,200335,185182,2621,1651,316,3384462.917,333164.1667,0,3,0,79.3,19.9,28.8,0.34,1.75,13.9,7.8,4.83,8.95,18.13,325160,35722.08,2402.1,6.4,4631.9,2373.7,6.2,4587.6,4369.2,8956.8,2943.5,1574.43,799.94,245.11,269.35,54.66,46.2,183.73,10.87,2902.5,1552.5,788.8,241.7,265.6,53.9,45.4,1345,238,1347,235,820,884,806,633,909,137,431.84,16.33,99,48,0.67,282130,76286,0.27
9/1/2017,10.1,48.4,23.2,24668.6,659.6,23.6,186.5,136.5,49.8,26395,2627,23768,19.6,142.3,113.2,181447,181893,2386,2021,316,3384462.917,334373.3333,0,3,0,79.3,19.9,28.8,0.46,2.03,10.9,7.8,4.83,8.95,18.13,325340,35771.67,2225.6,6.1,4407.8,2195,5.9,4362.2,3952.59,8314.79,2698.9,1409.69,759.54,227.83,253.76,48.09,43.6,166.43,9.97,2654.7,1386.6,747.1,224.1,249.6,47.3,42.9,1359,241,1362,238,829,896,819,638,901,139,476.57,15.31,80,49,0.62,230559,63680,0.28
10/1/2017,11.9,40.3,11.9,24701.9,659.6,23.6,186.5,136.5,49.8,26395,2627,23768,19.6,142.3,113.2,177413,176982,1557,1539,316,3384462.917,335582.5,0,3,0,79.3,19.9,28.8,1.51,1.33,36.1,7.8,4.83,8.95,18.13,325510,35821.25,2303,6.4,4637.8,2270.1,6.2,4589.7,4324.24,8913.94,2801.3,1422.27,809.16,256.5,265.55,47.82,44,174.61,8.89,2753.3,1397.9,795.3,252.1,261,47,43.2,1361,250,1364,248,826,898,825,628,875,145,496.02,13.67,80,57,0.58,246117,72228,0.29
11/1/2017,11.9,40.3,11.9,24725.7,659.6,23.6,186.5,136.5,49.8,26395,2627,23768,19.6,142.3,113.2,192897,177226,1556,1591,316,3384462.917,336791.6667,0,3,0,79.3,19.9,28.8,0.79,0.6,38.2,7.8,4.83,8.95,18.13,325660,35870.83,2290.6,6.4,4554.2,2265.8,6.3,4517,4012.14,8529.14,2762.8,1386.97,815.66,267.97,246.99,45.2,42.5,178.44,8.96,2726,1368.4,804.8,264.4,243.7,44.6,41.7,1374,260,1376,258,833,903,837,633,874,151,507.04,12.34,87,58,0.6,212189,51172,0.24
12/1/2017,11.9,40.3,11.9,24749.6,659.6,23.6,186.5,136.5,49.8,26395,2627,23768,19.6,142.3,113.2,150762,180641,826,1421,316,3384462.917,338000.8333,0,3,0,79.3,19.9,28.8,1.03,1.17,45.7,7.8,4.83,8.95,18.13,325800,35920.42,2148.4,6.6,4402.7,2123,6.4,4365.3,3838.23,8203.53,2580.4,1303.39,746.66,237.32,250.92,42.11,46.4,179.47,8.63,2543.2,1284.7,735.9,233.9,247.3,41.5,45.6,1380,245,1382,242,837,903,843,643,878,141,485.19,15.8,84,69,0.55,209206,52785,0.25
1/1/2018,13.4,50.3,28.4,24773.4,659.6,23.6,186.5,136.5,49.8,26395,2627,23768,19.6,142.3,113.3,162165,186679,1110,1377,317,3362665,339210,0,2,0,79.3,19.9,28.8,1.23,1.32,99.9,7.86,4.83,9.1,18.23,325930,35970,2279,6.6,4588.5,2248.4,6.5,4545.3,4204.53,8749.83,2758.1,1405.78,759.7,258.65,294.53,39.43,49,172.35,8.25,2713.8,1383.2,747.5,254.5,289.8,38.8,48.4,1377,234,1380,232,830,893,836,658,893,135,488.06,16.37,89,69,0.56,247472,55840,0.23
2/1/2018,13.4,50.3,28.4,24815.1,659.6,23.6,186.5,136.5,49.8,26395,2627,23768,19.6,142.3,113.3,182189,184581,1053,1368,317,3362665,339210,0,2,0,79.3,19.9,28.8,0.62,0.66,70.3,7.86,4.83,9.1,18.23,326030,36033.67,1983.9,5.8,4059.5,1956.4,5.6,4019.9,3767.03,7786.93,2417.9,1196.34,695.72,224.08,264.95,36.8,41.2,156.87,7.43,2378.2,1176.7,684.3,220.4,260.6,36.2,40.4,1368,243,1370,240,825,885,830,664,893,140,501.74,19.91,87,60,0.59,219935,34119,0.16
3/1/2018,13.4,50.3,28.4,24856.9,659.6,23.6,186.5,136.5,49.8,26395,2627,23768,19.6,142.3,113.3,186636,182988,1489,1452,317,3362665,339210,0,2,0,79.3,19.9,28.8,0.76,1.18,61.2,7.86,4.83,9.1,18.23,326140,36097.33,2203.5,6.1,4520.5,2174.7,5.9,4479.1,4026.43,8505.53,2701.6,1348.21,766.05,250,291.33,46,43.7,192.25,9.25,2660.5,1327.7,754.4,246.2,286.9,45.3,43,1358,240,1360,237,819,878,820,666,901,139,459.34,21.16,84,58,0.59,254071,51386,0.2
4/1/2018,12.2,36.9,15.9,24898.6,659.6,23.6,186.5,136.5,49.8,26395,2627,23768,19.6,142.3,113.3,179890,195764,1483,1481,317,3362665,339210,0,2,0,79.3,19.9,28.8,1.59,3.17,10.2,7.86,4.83,9.1,18.23,326260,36161,2117.7,6.1,4278.2,2089.4,5.9,4238.3,3992.48,8230.78,2639.5,1387.03,705.4,248.2,252.77,46.11,42.9,170.83,10.67,2599.1,1365.7,694.6,244.4,248.9,45.4,42.1,1334,245,1336,242,806,860,798,658,893,142,463.96,20.78,81,53,0.6,235843,51695,0.22
5/1/2018,12.2,36.9,15.9,24926.6,659.6,23.6,186.5,136.5,49.8,26395,2627,23768,19.6,142.3,113.3,219918,196024,1656,1461,317,3362665,339210,0,2,0,79.3,19.9,28.8,-0.49,0.86,8.7,7.86,4.83,9.1,18.23,326390,36224.67,2307,6.4,4501.5,2279.9,6.2,4462.6,4306.85,8769.45,2907.4,1567.03,768.77,271.56,248.45,51.6,46.5,191.02,10.78,2868.2,1545.9,758.4,267.9,245.1,50.9,45.7,1316,238,1317,236,797,848,786,647,900,137,471.16,20.03,74,53,0.58,277860,59740,0.22
6/1/2018,12.2,36.9,15.9,24954.7,659.6,23.6,186.5,136.5,49.8,26395,2627,23768,19.6,142.3,113.3,196388,194070,1454,1535,317,3362665,339210,0,2,0,79.3,19.9,28.8,-0.17,0.84,17.4,7.86,4.83,9.1,18.23,326530,36288.33,2300.9,5.8,4327.6,2274.9,5.7,4290.6,4038.51,8329.11,2878.8,1545.93,775.35,265.74,240.62,51.16,45.2,170.25,10.35,2841.5,1525.9,765.3,262.3,237.5,50.5,44.6,1321,223,1322,221,802,857,790,641,913,128,464.65,18.21,80,53,0.6,291533,63940,0.22
7/1/2018,11.1,49.5,24.6,24982.7,725.3,22.5,196,147.6,48.3,24723,2341,22382,20.1,161.2,113.3,203474,195573,1642,1707,317,3362665,339210,0,2,0,79.3,19.9,28.8,0.25,2.22,10.8,7.86,4.83,9.1,18.23,326690,36352,2231.6,6.1,4235.3,2205.8,6,4196.6,4174.89,8371.49,2765.8,1430.18,783.1,262.32,243.06,47.13,47.9,169.41,10.59,2728.7,1411.1,772.6,258.8,239.8,46.5,47,1330,223,1332,220,810,870,803,642,890,128,448.59,14.95,78,54,0.59,295369,65070,0.22
8/1/2018,11.1,49.5,24.6,25018.4,725.3,22.5,196,147.6,48.3,24723,2341,22382,20.1,161.2,113.3,212531,194700,2659,1730,317,3362665,339210,0,2,0,79.3,19.9,28.8,-0.78,0.62,13.8,7.86,4.83,9.1,18.23,326850,36415.67,2429.6,6.5,4765.9,2401.6,6.3,4722.3,4474.55,9196.85,2977.8,1534.98,840.02,268.45,283.56,50.79,52.5,193.01,12.39,2937.3,1514.1,828.6,264.8,279.7,50.1,51.6,1344,216,1346,213,819,885,813,638,889,124,484.25,18.1,77,54,0.59,272585,67043,0.25
9/1/2018,11.1,49.5,24.6,25054,725.3,22.5,196,147.6,48.3,24723,2341,22382,20.1,161.2,113.3,188232,193575,2407,1940,317,3362665,339210,0,2,0,79.3,19.9,28.8,-0.13,1.41,5.2,7.86,4.83,9.1,18.23,327010,36479.33,2157.5,6,4187.8,2129.1,5.9,4145.5,3898.91,8044.41,2617.3,1332.07,753.85,235.57,251.32,44.49,48.6,163.01,9.19,2576.5,1311.3,742.1,231.9,247.4,43.8,47.8,1359,215,1361,213,828,897,824,639,891,123,501.32,14.18,71,59,0.55,239415,62220,0.26
10/1/2018,12,41.4,15.2,25089.7,725.3,22.5,196,147.6,48.3,24723,2341,22382,20.1,161.2,113.3,196680,187918,2000,1810,317,3362665,339210,0,2,0,79.3,19.9,28.8,1.81,1.84,25.9,7.86,4.83,9.1,18.23,327170,36543,2430.6,7.2,4901.4,2395.7,7,4851.3,4546.83,9398.13,2959.5,1474.87,856.39,284,293.26,50.98,53.8,189.34,10.56,2908.4,1449.2,841.6,279.1,288.2,50.1,52.9,1363,231,1366,229,826,898,830,629,868,134,507.17,13.74,73,63,0.54,234648,64053,0.27
11/1/2018,12,41.4,15.2,25116.9,725.3,22.5,196,147.6,48.3,24723,2341,22382,20.1,161.2,113.3,199487,186962,1336,1496,317,3362665,339210,0,2,0,79.3,19.9,28.8,0.93,0.53,37.1,7.86,4.83,9.1,18.23,327310,36606.67,2315.1,6.7,4682.7,2288.6,6.6,4644.4,4004.47,8648.87,2800.8,1391.53,835.24,260.2,271.75,42.08,55.5,185.43,9.87,2762.1,1372.2,823.7,256.6,268,41.5,54.9,1370,210,1372,209,830,901,837,629,868,120,515.57,9.84,80,61,0.57,217200,56585,0.26
12/1/2018,12,41.4,15.2,25144.1,725.3,22.5,196,147.6,48.3,24723,2341,22382,20.1,161.2,113.3,161631,192519,1038,1746,317,3362665,339210,0,2,0,79.3,19.9,28.8,1.85,2.41,40.8,7.86,4.83,9.1,18.23,327430,36670.33,2116,6.5,4367.2,2091.4,6.3,4330.7,3726.2,8056.9,2580.2,1271.54,764.22,240.47,264.92,39.05,53.6,190.23,11.57,2544,1253.6,753.5,237.1,261.2,38.5,53,1368,210,1370,209,824,894,831,633,862,120,514.7,9.11,78,74,0.51,212532,41323,0.19
1/1/2019,12.7,51.1,20.9,25171.3,725.3,22.5,196,147.6,48.3,24723,2341,22382,20.1,161.2,115.6,170473,194267,1783,2071,317,3371992.25,339210,0,2,0,79.3,19.9,28.8,2.45,3.37,49.2,7.9,4.83,9.25,18.7,327540,36734,2309.6,6.5,4702.4,2278.7,6.4,4659.2,4280.47,8939.67,2831.4,1376.88,850.94,261.9,303.26,38.42,53.8,177.94,9.26,2786,1354.7,837.3,257.7,298.4,37.8,53,1363,212,1366,210,820,886,824,647,875,121,495.62,8.24,81,72,0.53,253217,59594,0.24
2/1/2019,12.7,51.1,20.9,25211.9,725.3,22.5,196,147.6,48.3,24723,2341,22382,20.1,161.2,115.6,197640,199994,1667,2192,317,3371992.25,339210,0,2,0,79.3,19.9,28.8,0.71,2.05,48.9,7.9,4.83,9.25,18.7,327640,36935.83,1987.1,6.1,4171.9,1960.8,6,4134.2,3772.45,7906.65,2454.4,1174.78,734.9,228.68,283.33,32.71,48.5,160.62,8.08,2416,1156.4,723.4,225.1,278.9,32.2,47.9,1351,220,1354,218,814,879,819,650,872,126,510.21,8.61,80,64,0.56,215119,30095,0.14
3/1/2019,12.7,51.1,20.9,25252.4,725.3,22.5,196,147.6,48.3,24723,2341,22382,20.1,161.2,115.6,206150,201601,2367,2323,317,3371992.25,339210,0,2,0,79.3,19.9,28.8,1.9,2.35,56.2,7.9,4.83,9.25,18.7,327730,37137.67,2117.1,5.8,4432.9,2090,5.6,4394.2,3940.61,8334.81,2648.7,1240.3,809.21,251.74,306.95,40.5,45.8,181.12,9.28,2609.4,1221.8,797.2,248,302.4,39.9,45.1,1339,219,1341,217,803,867,807,648,881,125,473.98,9.33,76,58,0.57,270350,54879,0.2
4/1/2019,11.5,41.5,12.7,25293,725.3,22.5,196,147.6,48.3,24723,2341,22382,20.1,161.2,115.6,173704,192917,2255,2328,317,3371992.25,339210,0,2,0,79.3,19.9,28.8,1.24,1.46,21.1,7.9,4.83,9.25,18.7,327840,37339.5,2261.7,6,4551.6,2234,5.9,4511.7,4128.35,8640.05,2829.4,1436.82,801.4,271.19,272.41,47.58,42.8,222.68,13.02,2788.8,1416.3,789.9,267.3,268.5,46.9,42.1,1329,241,1330,239,803,859,799,651,887,140,451.94,4.57,77,54,0.59,272888,65579,0.24
5/1/2019,11.5,41.5,12.7,25317.2,725.3,22.5,196,147.6,48.3,24723,2341,22382,20.1,161.2,115.6,219855,194888,2513,2353,317,3371992.25,339210,0,2,0,79.3,19.9,28.8,0.25,1.04,15.7,7.9,4.83,9.25,18.7,327960,37541.33,2328,6.3,4566.6,2300.9,6.2,4528,4377.95,8905.95,2938.9,1543.99,812.89,271.71,261.57,48.75,46.2,197.42,12.58,2899.9,1523.5,802.1,268.1,258.1,48.1,45.5,1316,235,1317,233,795,847,788,645,894,136,430.22,5.46,73,53,0.58,295717,77931,0.26
6/1/2019,11.5,41.5,12.7,25341.5,725.3,22.5,196,147.6,48.3,24723,2341,22382,20.1,161.2,115.6,197996,201607,2273,2428,317,3371992.25,339210,0,2,0,79.3,19.9,28.8,-0.02,0.54,15.9,7.9,4.83,9.25,18.7,328100,37743.17,2227.1,5.7,4372,2199.7,5.6,4333.8,4057.52,8391.32,2808,1477.02,783.94,262.57,234.47,50,44.4,165.22,10.18,2768.8,1456.4,773,258.9,231.2,49.3,43.7,1313,223,1315,221,796,851,787,637,909,128,405.15,5.24,78,51,0.6,267651,56275,0.21
7/1/2019,10.8,54.2,24.8,25365.7,724.9,22.8,197.7,155.1,42.5,24723,2341,22382,20,193.3,115.6,217211,198966,2543,2396,317,3371992.25,339210,0,2,0,79.3,19.9,28.8,1.01,2.23,10.5,7.9,4.83,9.25,18.7,328240,37945,2360.7,6.3,4589.8,2335.2,6.2,4551.1,4419.19,8970.29,2939.6,1511.93,853.24,266.56,260.07,47.8,53.6,177,11.6,2902.6,1492.9,842.5,263.2,256.8,47.2,53,1326,205,1328,204,806,866,796,643,883,117,405.65,4.26,74,53,0.58,267052,67910,0.25
8/1/2019,10.8,54.2,24.8,25401.3,724.9,22.8,197.7,155.1,42.5,24723,2341,22382,20,193.3,115.6,208482,198564,3103,2226,317,3371992.25,339210,0,2,0,79.3,19.9,28.8,-0.23,0.75,8.6,7.9,4.83,9.25,18.7,328410,38146.83,2373.4,6,4650,2346.5,5.8,4608.6,4407.73,9016.33,2926,1461.99,878.04,265.32,270.18,50.47,51,189.99,12.91,2887.2,1442.6,866.4,261.8,266.6,49.8,50.2,1338,206,1340,203,814,881,809,633,884,117,454.46,4.72,80,56,0.59,265778,66343,0.25
9/1/2019,10.8,54.2,24.8,25436.8,724.9,22.8,197.7,155.1,42.5,24723,2341,22382,20,193.3,115.6,203968,204823,3023,2353,317,3371992.25,339210,0,2,0,79.3,19.9,28.8,0.15,2.22,6.8,7.9,4.83,9.25,18.7,328580,38348.67,2188.6,6.1,4442.7,2160.6,5.9,4401.6,4200.52,8602.12,2676,1277.93,830.66,258.27,259.59,49.56,49.2,168.29,11.01,2634.9,1258.3,817.9,254.3,255.6,48.8,48.4,1352,216,1354,213,822,894,822,636,878,123,469.88,5.39,75,57,0.57,238163,60376,0.25
10/1/2019,11.4,50.7,14.3,25472.4,724.9,22.8,197.7,155.1,42.5,24723,2341,22382,20,193.3,115.6,218145,208080,2717,2340,317,3371992.25,339210,0,2,0,79.3,19.9,28.8,1.42,2.91,8.3,7.9,4.83,9.25,18.7,328740,38550.5,2439.3,7.1,5065.6,2403.9,6.9,5015.6,4711.37,9726.97,2977.6,1392.84,928.29,313.33,291.15,52,55.4,194.66,11.34,2926,1368.7,912.2,307.9,286.1,51.1,54.6,1360,222,1363,220,823,902,830,628,855,127,468.98,5.73,80,64,0.56,241022,59710,0.25
11/1/2019,11.4,50.7,14.3,25498.1,724.9,22.8,197.7,155.1,42.5,24723,2341,22382,20,193.3,115.6,218822,209563,2061,2442,317,3371992.25,339210,0,2,0,79.3,19.9,28.8,0.36,2.09,11.9,7.9,4.83,9.25,18.7,328890,38752.33,2296.9,6.1,4742.9,2271.9,5.9,4707,3950.12,8657.12,2774.2,1332.98,835.85,298.08,259.56,47.74,46.5,169.84,11.16,2737.2,1315.2,824.7,294.1,256.1,47.1,45.8,1375,227,1378,225,832,911,840,627,859,130,466.27,5.66,100,63,0.61,242413,58570,0.24
12/1/2019,11.4,50.7,14.3,25523.9,724.9,22.8,197.7,155.1,42.5,24723,2341,22382,20,193.3,115.6,171517,203349,1542,2486,317,3371992.25,339210,0,2,0,79.3,19.9,28.8,2.26,4.15,15.4,7.9,4.83,9.25,18.7,329202,38954.17,2265.1,6.5,4726.8,2239.2,6.4,4689.4,4148.88,8838.28,2751.1,1309.32,844.01,287.52,269.17,41.07,49.9,184.79,11.71,2712.6,1291,832.2,283.5,265.4,40.5,49.1,1373,228,1376,226,827,905,836,629,851,131,478.26,5.46,96,69,0.58,228310,59404,0.26
